"Channel Title","Channel URL","Channel ID",Position,"Video Title","Video URL","Video ID","Publish Date",Duration,Views,Description,"Thumbnail URL","Availability Status"
"Magic Soul Travel",https://www.youtube.com/@magicsoultravel,UC4zkEzqEk1yyAgoxctP3z8g,1,"Caribbean Mardi Gras Spectacle in Basse-Terre Guadeloupe 🌴🔥",https://www.youtube.com/watch?v=E-H3-dUVpg4,E-H3-dUVpg4,2026-06-07T19:23:33Z,00:32,"2,035","A breathtaking parade filled with dazzling feather costumes, vibrant colors, infectious rhythms, and Caribbean carnival energy. Experience the unforgettable sights of Mardi Gras as performers bring the streets of Basse-Terre to life with spectacular outfits and celebrations.
✨ Which costume is your favorite?


#MardiGras #Guadeloupe #BasseTerre #CaribbeanCarnival #Carnival2026 #FeatherCostumes #Parade #ColorfulFestival #TravelShorts #Culture #FestivalVibes #IslandLife #CaribbeanLife #StreetParade #TravelReels #YouTubeShorts #ViralShorts #ExploreGuadeloupe #FrenchCaribbean #CarnivalSeason",https://i.ytimg.com/vi/E-H3-dUVpg4/hqdefault.jpg,available
"Magic Soul Travel",https://www.youtube.com/@magicsoultravel,UC4zkEzqEk1yyAgoxctP3z8g,2,"Guadeloupe Carnival | RIP Vaval 🔥🪦 Street Party",https://www.youtube.com/watch?v=5vEo75uJ-nc,5vEo75uJ-nc,2026-06-06T21:25:14Z,01:39,576,"The ultimate finale to Guadeloupe Carnival.  Back and white outfits hypnotic drums. The amazing Groupe Kontak 🔥

#carnaval​ #guadeloupe​ #westindies​ #caribbean​ #kontak​ #streetparade​ #shorts​",https://i.ytimg.com/vi/5vEo75uJ-nc/hqdefault.jpg,available
"Magic Soul Travel",https://www.youtube.com/@magicsoultravel,UC4zkEzqEk1yyAgoxctP3z8g,3,"Guadeloupe Ash Wednesday Street Party & The Burning of King Vaval",https://www.youtube.com/watch?v=anC7ldKRdQg,anC7ldKRdQg,2026-06-06T20:31:37Z,06:52,38,"Experiencing Mercredi des Cendres (Ash Wednesday) in Guadeloupe is something you will never forget. Marking the official end of the Guadeloupe Carnival season, thousands of revelers take over the streets of Pointe-à-Pitre and Basse-Terre wearing traditional black and white attire.

In this video, we jump right into the heart of the final ""vidé"" street party, surrounded by the hypnotic rhythms of traditional drums, before witnessing the main event: the ritual burning of Sa Majesté Vaval (the Carnival King). Vaval is built every year to represent a major news event or social theme, and his cremation acts as a cathartic rebirth for the island before Lent begins.

📍 Location: Guadeloupe, French West Indies 🎭 Event: Mercredi des Cendres / Bwilé Vaval

0:00 - 2:00 Le groupe Kontak
2:01 - 6:52 Vaval et DJ",https://i.ytimg.com/vi/anC7ldKRdQg/hqdefault.jpg,available
"Magic Soul Travel",https://www.youtube.com/@magicsoultravel,UC4zkEzqEk1yyAgoxctP3z8g,4,"Mardi Gras in Guadeloupe  🇬🇵 Basse-Terre Night Parade",https://www.youtube.com/watch?v=GzZtr7EDkUc,GzZtr7EDkUc,2026-05-22T17:50:19Z,11:14,47,"Experience the pure, unadulterated energy of the Mardi Gras evening parade in Basse-Terre, Guadeloupe!

When the sun goes down, the capital of Guadeloupe turns into a massive, pulsating street party. The energy during the night parade is unmatched—from the thunderous percussion of the ""Mas a Po"" groups to the glowing costumes, heavy bass, and insane crowd choreography.

If you think you've seen Mardi Gras, you haven't seen it Caribbean style. Hit play to dive straight into the middle of the street madness!


#Guadeloupe #MardiGras #Carnival2026 #BasseTerre #TravelGuadeloupe #CaribbeanCulture #CarnavalGuadeloupe",https://i.ytimg.com/vi/GzZtr7EDkUc/hqdefault.jpg,available
"Magic Soul Travel",https://www.youtube.com/@magicsoultravel,UC4zkEzqEk1yyAgoxctP3z8g,5,"Guadeloupe Îlet du Gosier Caribbean Paradise Palms, Sunshine & Turquoise Waters 🌴🌊",https://www.youtube.com/watch?v=Oc32jxAKkPY,Oc32jxAKkPY,2026-05-22T12:37:03Z,00:11,370,"Golden sunshine, palms, and crystal-clear blue waters at beautiful Îlet du Gosier in Guadeloupe 🌴☀️🌊 A perfect Caribbean escape captured in one dreamy short sneak peek.

#IletDuGosier #Guadeloupe #Caribbean #TropicalParadise #BlueWater #IslandLife #TravelShorts #BeachVibes #SunnyDay #ParadiseFound #TurquoiseWater #PalmTrees #VacationMode #TravelReels #Shorts",https://i.ytimg.com/vi/Oc32jxAKkPY/hqdefault.jpg,available
"Magic Soul Travel",https://www.youtube.com/@magicsoultravel,UC4zkEzqEk1yyAgoxctP3z8g,6,"Air Caraïbes Flight 🌴 Saint Martin to Guadeloupe ✈️ Stunning Caribbean View",https://www.youtube.com/watch?v=m8QsWEUAQH4,m8QsWEUAQH4,2026-05-16T10:58:25Z,11:21,113,"Join me on this beautiful Air Caraïbes flight from Saint Martin Grand Case Airport (SFG) to Guadeloupe Pointe-à-Pitre Airport (PTP) in the heart of the Caribbean.
This island-hopping journey features breathtaking turquoise waters, colorful coastlines, tropical islands, and amazing weather throughout the flight. Enjoy relaxing aerial views from takeoff to landing as Air Caraïbes connects two stunning French Caribbean destinations.
If you enjoy aviation videos, scenic flights, tropical travel, and Caribbean adventures, this video is for you.
✈️ Airline: Air Caraïbes
🛫 Route: Saint Martin Grand Case (SFG) → Pointe-à-Pitre Guadeloupe (PTP)
🌴 Caribbean island hopping experience
☀️ Clear skies and beautiful tropical scenery
🎥 Aviation + Travel + Scenic Views
Don’t forget to like, subscribe, and turn on notifications for more aviation and travel videos.

Air Caraïbes, Air Caraibes flight, Saint Martin to Guadeloupe, Grand Case Airport, Pointe a Pitre Airport, Caribbean flight, Air Caraïbes ATR, Caribbean aviation, island hopping Caribbean, SFG airport, PTP airport, French Caribbean travel, tropical flight views, scenic Caribbean flight, airplane window views, Guadeloupe travel, Saint Martin travel, aviation video, Caribbean islands aerial view, beautiful weather flight, ATR72 Caribbean, Caribbean travel vlog, airline trip report, Air Caraïbes experience

#AirCaraibes #SaintMartin #Guadeloupe #Caribbean #Aviation #FlightVideo #IslandHopping #GrandCase #PointeAPitre #Travel",https://i.ytimg.com/vi/m8QsWEUAQH4/hqdefault.jpg,available
"Magic Soul Travel",https://www.youtube.com/@magicsoultravel,UC4zkEzqEk1yyAgoxctP3z8g,7,"Guadeloupe Mardi Gras Parade Energy After the Rain 🇬🇵 | Caribbean Night Walk",https://www.youtube.com/watch?v=u6ayxkv1MpI,u6ayxkv1MpI,2026-05-15T17:45:47Z,00:22,"1,183","Step into the nighttime energy of Basse-Terre, Guadeloupe during Mardi Gras celebrations. The rain has just passed, leaving glowing streets, tropical reflections, live percussion, and vibrant parade groups moving through the city. 🌧️🎶
This evening walking tour captures the atmosphere of Caribbean carnival culture — music echoing through the streets, colorful costumes, dancing crowds, and the unique vibe of Mardi Gras in Guadeloupe at night.
📍 Basse-Terre, Guadeloupe
🎭 Caribbean Mardi Gras Celebration
🌙 Evening Street Walk After Rain

#GuadeloupeIsland #BasseTerreGuadeloupe #MardiGrasVibes #CaribbeanCarnival #NightStreetWalk #RainyEvening #TravelMoments #CarnivalParade #StreetMusic #IslandNightlife #WalkWithMe #FrenchCaribbeanIslands #TropicalNight #ParadeGroups #TravelContent #UrbanWalking #CarnivalCulture #NightPhotography #CaribbeanTravel #YouTubeShorts",https://i.ytimg.com/vi/u6ayxkv1MpI/hqdefault.jpg,available
"Magic Soul Travel",https://www.youtube.com/@magicsoultravel,UC4zkEzqEk1yyAgoxctP3z8g,8,"Guadeloupe Caribbean Mardi Gras After Rain 🌧️ | Basse-Terre Street Atmosphere",https://www.youtube.com/watch?v=bBp_7Em8czY,bBp_7Em8czY,2026-05-13T20:04:31Z,00:19,"1,638","Take a relaxing evening walk through the lively streets of Basse-Terre, Guadeloupe during Mardi Gras celebrations. After the tropical rain, the city glows with music, reflections, drums, costumes, and energetic parade groups filling the streets with Caribbean carnival spirit. 🌧️🎭
This immersive night walk captures the real atmosphere of Guadeloupe’s Mardi Gras — from street musicians and dancing crowds to rainy night ambience and colorful island culture.
📍 Basse-Terre, Guadeloupe
🎉 Mardi Gras Carnival Night
🌙 Rainy Evening Street Walk

#BasseTerre #Guadeloupe #MardiGras2026 #CarnivalNight #CaribbeanLife #StreetWalking #NightAmbience #RainyStreets #TravelShorts #IslandCulture #EveningVibes #ParadeMusic #FrenchWestIndies #WalkingVideo #TravelReels #StreetScenes #CarnivalSeason #TropicalRain #NightTour #ExploreGuadeloupe",https://i.ytimg.com/vi/bBp_7Em8czY/hqdefault.jpg,available
"Magic Soul Travel",https://www.youtube.com/@magicsoultravel,UC4zkEzqEk1yyAgoxctP3z8g,9,"Basse-Terre Guadeloupe Mardi Gras Magic After the Rain 🌧️🎭 | Evening Walk",https://www.youtube.com/watch?v=6KZJrzR9KLs,6KZJrzR9KLs,2026-05-13T10:51:16Z,01:04,340,"Experience the vibrant streets of Basse-Terre, Guadeloupe during Mardi Gras after a fresh tropical rain. 🌧️🎭
Join this evening walking tour through colorful parade groups, live drums, dancing crowds, and the electric Caribbean carnival atmosphere lighting up the city streets at night.
If you enjoy authentic street walks, carnival culture, rainy night ambience, and Caribbean travel vibes, this walk is for you.
📍 Basse-Terre, Guadeloupe
🎉 Mardi Gras Night Parade
🌙 Evening Rain Walk Experience

#Guadeloupe #BasseTerre #MardiGras #Caribbean #WalkingTour #StreetWalk #RainyNight #Carnival #Travel #EveningWalk #Parade #FrenchCaribbean #NightWalk #TravelVlog #StreetParade #IslandVibes #RainAmbience #GuadeloupeTravel #CaribbeanCulture #Shorts",https://i.ytimg.com/vi/6KZJrzR9KLs/hqdefault.jpg,available
"Magic Soul Travel",https://www.youtube.com/@magicsoultravel,UC4zkEzqEk1yyAgoxctP3z8g,10,"Sint Maarten Planes spotting at Maho Beach ✈️ Sunny Day with Cruise Ship Crowds Watching",https://www.youtube.com/watch?v=I8ZKM8bWff8,I8ZKM8bWff8,2026-05-10T18:09:07Z,11:56,21,"Experience the world-famous plane landings at Maho Beach in St. Maarten on a beautiful sunny Caribbean day! ✈️🌴 Cruise ship passengers and beachgoers gather to watch giant airplanes fly incredibly low over the beach before landing at Princess Juliana Airport.
Join this relaxing beach walk filled with amazing aviation views, tropical vibes, ocean sounds, and thrilling low landings from some of the world’s biggest jets. If you love travel, plane spotting, cruise adventures, and Caribbean beaches, this video is for you!
📍 Location: Maho Beach, St. Maarten
☀️ Sunny tropical beach atmosphere
✈️ Extreme low airplane landings
🚢 Cruise ship visitors enjoying the beach
🌊 Relaxing Caribbean walking tour
Don’t forget to LIKE 👍, COMMENT 💬, and SUBSCRIBE 🔔 for more travel walks, beach adventures, and aviation experiences from around the world!
#MahoBeach #PlaneLanding #StMaarten #BeachWalk #PlaneSpotting #Caribbean #CruiseShip #PrincessJulianaAirport #TravelVlog #AviationLovers",https://i.ytimg.com/vi/I8ZKM8bWff8/hqdefault.jpg,available
"Magic Soul Travel",https://www.youtube.com/@magicsoultravel,UC4zkEzqEk1yyAgoxctP3z8g,11,"Guadeloupe Paradise Tides at Pointe des Châteaux 🌊☀️",https://www.youtube.com/watch?v=VSkKK1jjMfY,VSkKK1jjMfY,2026-05-08T17:51:54Z,00:30,"1,156","Sunny and wildly windy day at Pointe des Châteaux — powerful high tides, deep blue Caribbean waters, and dramatic coastal views. 🌊☀️🌬️

#Guadeloupe #PointeDesChateaux #Caribbean #OceanViews #TravelShorts #IslandLife #BlueWaters #HighTides #TropicalVibes #YouTubeShort",https://i.ytimg.com/vi/VSkKK1jjMfY/hqdefault.jpg,available
"Magic Soul Travel",https://www.youtube.com/@magicsoultravel,UC4zkEzqEk1yyAgoxctP3z8g,12,"Guadeloupe Colorful Mardi Gras parade in Basse-Terre",https://www.youtube.com/watch?v=SkCTSR93aVo,SkCTSR93aVo,2026-05-07T10:01:18Z,00:16,"9,961","Happy dancers dressed in vibrant green costumes dance and walk through the streets, celebrating Caribbean culture, music, and carnival spirit during Mardi Gras in Guadeloupe. #MardiGras #Guadeloupe #Carnival #CaribbeanVibes #BasseTerre #Parade #Zouk #Festival #TravelShorts",https://i.ytimg.com/vi/SkCTSR93aVo/hqdefault.jpg,available
"Magic Soul Travel",https://www.youtube.com/@magicsoultravel,UC4zkEzqEk1yyAgoxctP3z8g,13,"Guadeloupe Mardi Gras Parade Magic 🎭✨ | Basse-Terre Red Carpet Vibes 🇬🇵",https://www.youtube.com/watch?v=HpGVVFW8TdI,HpGVVFW8TdI,2026-05-06T13:52:26Z,00:31,"1,373","Experience the vibrant energy of Mardi Gras in Guadeloupe! 🎉 Watch as the colorful parade approaches the red carpet in Basse-Terre, filled with dazzling costumes, rhythmic drums, and pure Caribbean spirit. Don’t miss this unforgettable celebration of culture, music, and tradition!

#MardiGras #Guadeloupe #BasseTerre #CarnivalVibes #Parade #CaribbeanCulture #Festival #TravelShorts #YouTubeShorts #Carnival2026 #StreetParade #IslandLife #CultureCelebration",https://i.ytimg.com/vi/HpGVVFW8TdI/hqdefault.jpg,available
"Magic Soul Travel",https://www.youtube.com/@magicsoultravel,UC4zkEzqEk1yyAgoxctP3z8g,14,"Guadeloupe Mardi Gras 🇬🇵 Basse-Terre – Groupe Excellence Parade 🔥🎭",https://www.youtube.com/watch?v=Ikv6lUqKlBs,Ikv6lUqKlBs,2026-05-05T11:14:26Z,00:13,433,"Experience the vibrant energy of Mardi Gras in Basse-Terre, Guadeloupe, as Groupe Excellence takes over the streets with powerful rhythms, colorful costumes, and unforgettable vibes! 🎶✨
This Caribbean carnival celebration is full of culture, music, and pure excitement you don’t want to miss.

#Guadeloupe #MardiGras #BasseTerre #GroupeExcellence #CarnivalVibes #CaribbeanCulture #StreetParade #FestivalEnergy #TravelShorts #YouTubeShorts #Carnival2026 #IslandLife #MusicAndDance #ExploreGuadeloupe #CulturalExperience",https://i.ytimg.com/vi/Ikv6lUqKlBs/hqdefault.jpg,available
"Magic Soul Travel",https://www.youtube.com/@magicsoultravel,UC4zkEzqEk1yyAgoxctP3z8g,15,"Sint Maarten Maho Beach Sunset Walk Planes taking off ✈️🌅",https://www.youtube.com/watch?v=Nqny8X6_HiY,Nqny8X6_HiY,2026-05-02T19:15:00Z,05:34,37,"Experience the thrill of a sunset walk along Maho Beach, one of the most famous plane-spotting locations in the world! 🌴 As the sun dips below the horizon, watch massive jets roar to life and blast down the runway just meters away from the beach. Feel the power of jet blast, hear the engines thunder, and soak in the golden Caribbean sunset vibes.

This is St. Maarten at its wildest—where aviation meets paradise. Whether you're an aviation enthusiast or just love unique travel experiences, this is something you have to see to believe!

👉 Don’t forget to LIKE, COMMENT, and SUBSCRIBE for more travel and aviation content!


#MahoBeach #StMaarten #JetBlast #PlaneSpotting #AviationLovers #SunsetWalk #BeachVibes #TravelVlog #AirplaneTakeoff #ExtremeTravel #CaribbeanSunset #AirportBeach #JetBlastExperience #TravelContent #4KTravel",https://i.ytimg.com/vi/Nqny8X6_HiY/hqdefault.jpg,available
"Magic Soul Travel",https://www.youtube.com/@magicsoultravel,UC4zkEzqEk1yyAgoxctP3z8g,16,"Driving in Guadeloupe | Saint-François to Pointe des Châteaux | Relaxing Real-Time Road Trip",https://www.youtube.com/watch?v=DTFM4MEQ3as,DTFM4MEQ3as,2026-05-01T08:55:58Z,15:27,179,"Experience a peaceful, real-time drive through the stunning landscapes of Guadeloupe on a bright, sunny day ☀️
This relaxing journey takes you from Saint-François to the breathtaking Pointe des Châteaux — one of the most iconic coastal routes in the Caribbean. Sit back, unwind, and enjoy the natural beauty, ocean views, and calming road atmosphere with no interruptions.
Perfect for: • Relaxation & stress relief
• Virtual travel & exploration
• Background ambiance
• Driving enthusiasts
📍 Route: Saint-François → Pointe des Châteaux, Guadeloupe
🌴 Island vibes, ocean breeze, and scenic coastal roads
If you enjoy real-time driving videos, don’t forget to like, comment, and subscribe for more journeys around the world!


#Guadeloupe #ScenicDrive #RelaxingDrive #CaribbeanTravel #PointeDesChateaux #SaintFrancois #DrivingTour #VirtualTravel #4KDrive #RoadTrip #RelaxingVideo #TravelVlog #IslandDrive #OceanView #AmbientVideo #NoTalking #RealTimeDrive #TravelRelaxation #NatureDrive #DrivingExperience",https://i.ytimg.com/vi/DTFM4MEQ3as/hqdefault.jpg,available
"Magic Soul Travel",https://www.youtube.com/@magicsoultravel,UC4zkEzqEk1yyAgoxctP3z8g,17,"Guadeloupe Mardi Gras 🌧️🎭 | Rainy Night Carnival Magic in Basse-Terre ✨",https://www.youtube.com/watch?v=WpuNOACxgXQ,WpuNOACxgXQ,2026-04-28T16:58:45Z,00:37,940,"Mardi Gras in Guadeloupe takes on a whole new atmosphere after sunset 🌙🎭
Even in the rain, the Basse-Terre carnival parade shines with energy—wet streets reflecting vibrant colors, music echoing through the night, and performers bringing the celebration closer to the red carpet. A magical mix of rain, rhythm, and Caribbean spirit.

 #Guadeloupe #MardiGras #Carnival #BasseTerre #RainyVibes #NightParade #CarnivalMagic #CaribbeanCulture #FestivalNight #TravelShorts #RainAndLights #ParadeVibes #IslandLife #Shorts",https://i.ytimg.com/vi/WpuNOACxgXQ/hqdefault.jpg,available
"Magic Soul Travel",https://www.youtube.com/@magicsoultravel,UC4zkEzqEk1yyAgoxctP3z8g,18,"Guadeloupe Carnival Parade in Basse-Terre – Mardi Gras Magic! 🇬🇵☀️",https://www.youtube.com/watch?v=eMQkhPZaG1Y,eMQkhPZaG1Y,2026-04-26T09:13:27Z,00:38,"1,135","Feel the rhythm, colors, and energy as this vibrant carnival parade gets closer to the red carpet! Dancers, music, and sunshine come together for an unforgettable Mardi Gras celebration in the heart of Guadeloupe.
✨ Pure Caribbean vibes, dazzling costumes, and nonstop joy – this is carnival at its best!
#Guadeloupe #Carnival #MardiGras #BasseTerre #CaribbeanVibes #CarnivalParade #TravelShorts #ColorfulParade #FestivalVibes #IslandLife #DanceAndMusic #SunnyVibes #CultureTrip #TravelInspiration #ParadeMagic",https://i.ytimg.com/vi/eMQkhPZaG1Y/hqdefault.jpg,available
"Magic Soul Travel",https://www.youtube.com/@magicsoultravel,UC4zkEzqEk1yyAgoxctP3z8g,19,"Mardi Gras Magic in Basse-Terre, Guadeloupe 🇬🇵✨",https://www.youtube.com/watch?v=B7JxFIXmcOE,B7JxFIXmcOE,2026-04-25T08:29:06Z,00:36,"1,235","Step into the vibrant streets of Basse-Terre during Mardi Gras, where rhythm, color, and culture come alive! This unforgettable parade features a dazzling team dressed in iconic French-inspired costumes — from Moulin Rouge elegance to Eiffel Tower flair. 🇫🇷💃
Feel the energy, hear the drums, and experience the fusion of Caribbean spirit with Parisian charm. A celebration like no other! 🎶🔥
#MardiGras #Guadeloupe #BasseTerre #CarnivalVibes #FrenchStyle #MoulinRouge #EiffelTower #CaribbeanCulture #ParadeLife #TravelInspiration #FestivalSeason #IslandVibes #CultureFusion #StreetParade #ColorfulWorld",https://i.ytimg.com/vi/B7JxFIXmcOE/hqdefault.jpg,available
"Magic Soul Travel",https://www.youtube.com/@magicsoultravel,UC4zkEzqEk1yyAgoxctP3z8g,20,"Guadeloupe Carnival 2026 Pointe-à-Pitre Ash Wednesday Finale | Burning of King Vaval & Live Parade",https://www.youtube.com/watch?v=52mwu1uhnas,52mwu1uhnas,2026-04-24T18:33:55Z,34:38,52,"Experience the powerful finale of the Guadeloupe Carnival in Pointe-à-Pitre on Ash Wednesday (Mercredi des Cendres). This emotional and symbolic night marks the end of weeks of celebration with the burning of King Vaval, the spirit of the carnival.
Filmed in the vibrant streets of Pointe-à-Pitre, this video captures the evening parade filled with rhythm, dancing, and singing by the incredible Excellence Group. The atmosphere is unforgettable as locals and visitors come together dressed in black and white to bid farewell to the carnival season.
🔥 Highlights in this video:
The spectacular burning of King Vaval
Evening carnival parade in Pointe-à-Pitre
Traditional music, dancing, and chants
Performance by Excellence Groupe
Unique Ash Wednesday traditions in Guadeloupe
Guadeloupe Carnival is one of the most authentic and energetic celebrations in the Caribbean, blending culture, history, and community spirit.
👉 Don’t forget to like, comment, and subscribe for more travel and cultural experiences!

#GuadeloupeCarnival #PointeAPitre #KingVaval #MercrediDesCendres #AshWednesday #CaribbeanCarnival #Guadeloupe #CarnivalFinale #VavalBurning #CaribbeanCulture #TravelGuadeloupe #StreetParade #Carnival2026 #IslandLife #CulturalFestival #TravelVlog #FestivalVibes #DanceAndMusic #CreoleCulture #CarnivalNight",https://i.ytimg.com/vi/52mwu1uhnas/hqdefault.jpg,available
"Magic Soul Travel",https://www.youtube.com/@magicsoultravel,UC4zkEzqEk1yyAgoxctP3z8g,21,"Mardi Gras Night Parade in Guadeloupe After the Rain 🌧️✨",https://www.youtube.com/watch?v=JRpU1fKlQzg,JRpU1fKlQzg,2026-04-23T15:47:14Z,00:40,"1,178","Experience the magic of a Mardi Gras night parade in Basse-Terre, Guadeloupe, just after the rain. The streets come alive with vibrant colors, dazzling costumes, and electrifying rhythms as participants celebrate Caribbean carnival culture. A unique atmosphere where reflections on wet pavement make the spectacle even more mesmerizing.

#MardiGras #Guadeloupe #BasseTerre #CarnivalVibes #NightParade #CaribbeanCulture #ColorfulParade #FestivalLife #TravelShorts #RainyNight #StreetParade #IslandLife #CulturalFestival #VibrantColors #YouTubeShorts",https://i.ytimg.com/vi/JRpU1fKlQzg/hqdefault.jpg,available
"Magic Soul Travel",https://www.youtube.com/@magicsoultravel,UC4zkEzqEk1yyAgoxctP3z8g,22,"Guadeloupe Carnival 🔥 Mardi Gras Night in Basse-Terre",https://www.youtube.com/watch?v=7qaJa1-2V7M,7qaJa1-2V7M,2026-04-21T10:57:09Z,01:20,356,"Experience the electrifying atmosphere of Guadeloupe Carnival during Mardi Gras in Basse-Terre! 🌙🔥

From pulsating drums to striking costumes, this is one of the most unique moments of Caribbean carnival celebrations. Don’t miss the energy, creativity, and spirit of Guadeloupe!
📍 Location: Basse-Terre, Guadeloupe
🎭 Event: Mardi Gras Carnival Night Parade
👍 Like, comment, and subscribe for more cultural journeys around the world


Guadeloupe carnival, Basse-Terre carnival, Mardi Gras Guadeloupe, Guadeloupe Mardi Gras night, Caribbean carnival 2026, Guadeloupe costume, carnival parade Guadeloupe, Basse Terre Mardi Gras, Caribbean street parade, Guadeloupe culture, French Caribbean carnival, traditional carnival costumes, Guadeloupe festival, Mardi Gras parade night, Caribbean travel vlog",https://i.ytimg.com/vi/7qaJa1-2V7M/hqdefault.jpg,available
"Magic Soul Travel",https://www.youtube.com/@magicsoultravel,UC4zkEzqEk1yyAgoxctP3z8g,23,"Guadeloupe Carnival Ash Wednesday Evening Parade in Pointe-à-Pitre 🇬🇵",https://www.youtube.com/watch?v=SyGDJiRV-dg,SyGDJiRV-dg,2026-04-20T14:12:05Z,00:22,"1,510","Experience the vibrant energy of Ash Wednesday (Mercredi des Cendres) in Pointe-à-Pitre, Guadeloupe. As Carnival comes to an end, the streets come alive one last time with powerful music, striking costumes, and the symbolic farewell to Vaval.
This evening parade captures the unique атмосphère of Guadeloupe’s traditions—where celebration meets reflection in an unforgettable cultural moment.
📍 Pointe-à-Pitre, Guadeloupe
🗓️ Ash Wednesday – Carnival Finale

#Guadeloupe #PointeAPitre #AshWednesday #MercrediDesCendres #GuadeloupeCarnival #CaribbeanCulture #Carnival2026 #StreetParade #TravelShorts #CulturalExperience #IslandLife #EveningParade",https://i.ytimg.com/vi/SyGDJiRV-dg/hqdefault.jpg,available
"Magic Soul Travel",https://www.youtube.com/@magicsoultravel,UC4zkEzqEk1yyAgoxctP3z8g,24,"Guadeloupe Carnival Mardi Gras Night Parade 🇬🇵🔥 | Basse-Terre Vibes",https://www.youtube.com/watch?v=oakhjyFLmL0,oakhjyFLmL0,2026-04-19T19:00:12Z,01:47,238,"Experience the electrifying energy of Guadeloupe’s Mardi Gras night parade in Basse-Terre! 🎭🔥
Drums, vibrant costumes, dancing, and Caribbean rhythm take over the streets as the island celebrates one of its most powerful carnival traditions.
Feel the culture, the music, and the spirit of Guadeloupe after dark — this is Mardi Gras like you’ve never seen before.
📍 Location: Basse-Terre, Guadeloupe
📅 Event: Mardi Gras Carnival Night Parade
Don’t forget to like, comment, and subscribe for more travel and cultural experiences!

#Guadeloupe #MardiGras #GuadeloupeCarnival #BasseTerre #CaribbeanCulture #CarnivalVibes #TravelCaribbean #StreetParade #IslandLife #CulturalFestival #TravelVlog #CarnivalNight #DrumCulture #Antilles #ExploreGuadeloupe",https://i.ytimg.com/vi/oakhjyFLmL0/hqdefault.jpg,available
"Magic Soul Travel",https://www.youtube.com/@magicsoultravel,UC4zkEzqEk1yyAgoxctP3z8g,25,"Saint Martin | This Iguana Owns the Walls of Fort Louis 😳",https://www.youtube.com/watch?v=ancnbTxogPQ,ancnbTxogPQ,2026-04-16T13:01:01Z,00:16,988,"An iguana casually walking on the walls of Fort Louis in Saint Martin… like it’s nothing. 🦎
Nature really built them different.
#Iguana #Nature #Wildlife #SaintMartin #FortLouis #Animals #Shorts",https://i.ytimg.com/vi/ancnbTxogPQ/hqdefault.jpg,available
"Magic Soul Travel",https://www.youtube.com/@magicsoultravel,UC4zkEzqEk1yyAgoxctP3z8g,26,"Saint Martin Mullet Bay Beach Sunset 🌇🌴",https://www.youtube.com/watch?v=VPmaBosxiKw,VPmaBosxiKw,2026-04-15T06:15:50Z,00:42,164,"Golden hour magic at Mullet Bay Beach 🌅
Soft waves, glowing skies, and the perfect Caribbean sunset in Saint Martin.
A moment of pure calm and beauty you’ll want to watch again and again.
#SunsetVibes #MulletBay #SaintMartin #CaribbeanSunset",https://i.ytimg.com/vi/VPmaBosxiKw/hqdefault.jpg,available
"Magic Soul Travel",https://www.youtube.com/@magicsoultravel,UC4zkEzqEk1yyAgoxctP3z8g,27,"Hidden Shipwreck Beach in Saint Kitts & Nevis 🌊⚓️ #Shorts",https://www.youtube.com/watch?v=A-PNMvROWEQ,A-PNMvROWEQ,2026-04-14T08:34:56Z,00:17,785,"Discover the stunning hidden shipwreck beach in Saint Kitts & Nevis 🇰🇳
Crystal-clear water, golden sand, and a mysterious wreck waiting to be explored 🌴✨
Would you visit this paradise?

#SaintKitts #Nevis #Caribbean #Shipwreck #HiddenBeach #TravelShorts #BeachVibes #TropicalParadise #IslandLife #TravelInspiration #ExploreMore #OceanViews #Wanderlust #VacationGoals",https://i.ytimg.com/vi/A-PNMvROWEQ/hqdefault.jpg,available
"Magic Soul Travel",https://www.youtube.com/@magicsoultravel,UC4zkEzqEk1yyAgoxctP3z8g,28,"Mullet Bay Beach 🌊🌴🏖️ Relaxing Waves in Saint Martin | Ultimate Chill Shorts",https://www.youtube.com/watch?v=L3epPSvxq4E,L3epPSvxq4E,2026-04-12T18:01:19Z,00:24,"1,186","Escape to the crystal-clear waters of Mullet Bay Beach in Saint Martin 🌴✨
Enjoy the calming sound of gentle waves, soft sand, and pure Caribbean vibes.
Perfect for relaxing, unwinding, or just taking a mental break anytime 🌊💙
📍 Location: Mullet Bay Beach, Saint Martin

#MulletBay #SaintMartin #RelaxingWaves #BeachVibes #OceanSounds #YouTubeShorts #Caribbean #Relaxation",https://i.ytimg.com/vi/L3epPSvxq4E/hqdefault.jpg,available
"Magic Soul Travel",https://www.youtube.com/@magicsoultravel,UC4zkEzqEk1yyAgoxctP3z8g,29,"Guadeloupe Le Gosier  - l’Îlet du Gosier by Shuttle Boat 🌴",https://www.youtube.com/watch?v=GqYwRxHAdfY,GqYwRxHAdfY,2026-04-12T16:23:20Z,20:32,81,,https://i.ytimg.com/vi/GqYwRxHAdfY/hqdefault.jpg,available
"Magic Soul Travel",https://www.youtube.com/@magicsoultravel,UC4zkEzqEk1yyAgoxctP3z8g,30,"St. Kitts to St. Maarten with Makana Ferry (Statia & Saba Stops!) Island Hopping Caribbean Adventure",https://www.youtube.com/watch?v=EKgbBYjZMds,EKgbBYjZMds,2026-04-02T12:23:35Z,22:56,242,"Join me on an unforgettable Caribbean journey aboard the Makana Ferry as we sail from Basseterre, St. Kitts 🇰🇳 to Philipsburg, Sint Maarten 🇸🇽 — with scenic stops in Statia (St. Eustatius) and the breathtaking island of Saba 🌋
Experience crystal-clear waters, stunning coastlines, and the unique charm of each island along the way. From the harbor of Basseterre to the dramatic cliffs of Saba and the laid-back beauty of Statia, this ferry trip is one of the most scenic ways to explore the Caribbean.
If you love island hopping, travel vlogs, and ocean views, this one’s for you!


#CaribbeanTravel #IslandHopping #StKitts #SintMaarten #Philipsburg #Basseterre #SabaIsland #Statia #StEustatius #MakanaFerry #TravelVlog #FerryRide #CaribbeanIslands #OceanViews #TropicalTravel #TravelVideo #ExploreCaribbean #BoatTrip #IslandLife #Wanderlust",https://i.ytimg.com/vi/EKgbBYjZMds/hqdefault.jpg,available
"Magic Soul Travel",https://www.youtube.com/@magicsoultravel,UC4zkEzqEk1yyAgoxctP3z8g,31,"Driving in Saint Kitts and Nevis - South West Coast to Basseterre",https://www.youtube.com/watch?v=ko803Xoresg,ko803Xoresg,2026-03-21T15:00:18Z,05:23,184,,https://i.ytimg.com/vi/ko803Xoresg/hqdefault.jpg,available
"Magic Soul Travel",https://www.youtube.com/@magicsoultravel,UC4zkEzqEk1yyAgoxctP3z8g,32,"Makana Ferry",https://www.youtube.com/watch?v=wcEtxYgwOqU,wcEtxYgwOqU,2026-02-28T14:52:46Z,00:44,289,,https://i.ytimg.com/vi/wcEtxYgwOqU/hqdefault.jpg,available
"Magic Soul Travel",https://www.youtube.com/@magicsoultravel,UC4zkEzqEk1yyAgoxctP3z8g,33,"Sint Maarten Paradise| Waves at Mullet Bay Beach 🌊☀️ | #Shorts",https://www.youtube.com/watch?v=b6yuOhbdQ5g,b6yuOhbdQ5g,2026-02-26T00:53:10Z,00:39,352,"Golden sunrise and powerful ocean waves rolling onto Mullet Bay Beach in Sint Maarten. 🌴 The Caribbean morning light makes the water glow as tides crash along this tropical paradise. Relax, unwind, and enjoy the soothing sounds of the sea.
📍 Location: Mullet Bay Beach, Sint Maarten
🌊 Crystal clear water, golden sand & stunning sunrise vibes
#MulletBay #SintMaarten #Caribbean #BeachWaves #OceanSounds #MorningSun #TropicalParadise #IslandLife #TravelShorts #BeachVibes #NatureLovers #RelaxingVideo #YouTubeShorts",https://i.ytimg.com/vi/b6yuOhbdQ5g/hqdefault.jpg,available
"Magic Soul Travel",https://www.youtube.com/@magicsoultravel,UC4zkEzqEk1yyAgoxctP3z8g,34,"Guadeloupe Paradise | Big Waves at Pointe des Châteaux 🌊☀️",https://www.youtube.com/watch?v=fbNkQs_-4tk,fbNkQs_-4tk,2026-02-21T00:06:58Z,00:17,"1,046","Powerful Atlantic waves crashing against the cliffs of Pointe des Châteaux in Guadeloupe.
Sunny skies, turquoise water, and raw Caribbean energy 🌊🔥
One of the most breathtaking spots on Grande-Terre island! 

#Guadeloupe #PointeDesChateaux #Caribbean #BigWaves #OceanVibes #TravelShorts #IslandLife #SunnyDay #TropicalParadise #YouTubeShorts",https://i.ytimg.com/vi/fbNkQs_-4tk/hqdefault.jpg,available
"Magic Soul Travel",https://www.youtube.com/@magicsoultravel,UC4zkEzqEk1yyAgoxctP3z8g,35,"Guadeloupe Blue Paradise in Le Gosier 🇬🇵 | Relaxing Beach Sounds",https://www.youtube.com/watch?v=ClWLbLgk2O8,ClWLbLgk2O8,2026-02-20T00:06:07Z,00:26,"1,163","urquoise water, soft waves, and total calm in Le Gosier, Guadeloupe 🇬🇵
Take 30 seconds to breathe, relax, and escape to the Caribbean.
Headphones recommended 🎧
#CaribbeanVibes #BeachRelaxation #OceanSounds #TravelShorts #Paradise",https://i.ytimg.com/vi/ClWLbLgk2O8/hqdefault.jpg,available
"Magic Soul Travel",https://www.youtube.com/@magicsoultravel,UC4zkEzqEk1yyAgoxctP3z8g,36,"Pelicans Flying at Sunset 🌅 | Le Gosier Bay, Guadeloupe",https://www.youtube.com/watch?v=rwj7UEINJXs,rwj7UEINJXs,2026-02-17T01:04:20Z,00:35,584,"Watch pelicans glide across the golden Caribbean sky at sunset in Le Gosier Bay, Guadeloupe 🌅🦩
The calm waters, warm colors, and peaceful island vibes make this a pure tropical moment.
📍 Location: Le Gosier Bay, Guadeloupe
🌊 Caribbean Sea
🎥 Captured during golden hour
If you love nature, sunsets, and island life, don’t forget to like & subscribe for more travel shorts!
#Guadeloupe #LeGosier #CaribbeanSunset #Pelicans #NatureShorts #IslandLife #TravelShorts",https://i.ytimg.com/vi/rwj7UEINJXs/hqdefault.jpg,available
"Magic Soul Travel",https://www.youtube.com/@magicsoultravel,UC4zkEzqEk1yyAgoxctP3z8g,37,"Guadeloupe Carnival Parade 2026 🎭🥁 Trumpets & Drums | Caribbean Vibes",https://www.youtube.com/watch?v=0MnLiv7aYw8,0MnLiv7aYw8,2026-02-15T17:48:28Z,01:10,"1,031","Experience the vibrant energy of the Guadeloupe Carnival Parade at Carrefour Hypermarket! 🎭🥁
Feel the rhythm of powerful trumpets and drums, colorful costumes, and the incredible Caribbean atmosphere as performers bring the streets to life. This unforgettable carnival celebration in Guadeloupe showcases traditional music, culture, and non-stop festive vibes.
Carnival in Guadeloupe is one of the most exciting events in the Caribbean, blending music, dance, and community spirit. Whether you love brass bands, street parades, or tropical festivals, this video captures the true essence of island celebration.
📍 Location: Carrefour Hypermarket, Guadeloupe
🎺 Live brass band performance
🥁 Traditional carnival drums
🎭 Caribbean street culture
👉 Don’t forget to LIKE, COMMENT, and SUBSCRIBE for more Caribbean events and travel experiences!
#GuadeloupeCarnival #CaribbeanFestival #CarnivalParade #BrassBand #IslandVibes",https://i.ytimg.com/vi/0MnLiv7aYw8/hqdefault.jpg,available
"Magic Soul Travel",https://www.youtube.com/@magicsoultravel,UC4zkEzqEk1yyAgoxctP3z8g,38,"Maho Beach Sint Maarten 🌇🌴🏖️",https://www.youtube.com/watch?v=ovR7D7qSYCw,ovR7D7qSYCw,2026-02-13T23:02:10Z,00:19,266,,https://i.ytimg.com/vi/ovR7D7qSYCw/hqdefault.jpg,available
"Magic Soul Travel",https://www.youtube.com/@magicsoultravel,UC4zkEzqEk1yyAgoxctP3z8g,39,"Sint Maarten Philipsbourg sunset 🌴🌇",https://www.youtube.com/watch?v=TMu_D4982i8,TMu_D4982i8,2026-02-13T01:39:10Z,00:57,142,,https://i.ytimg.com/vi/TMu_D4982i8/hqdefault.jpg,available
"Magic Soul Travel",https://www.youtube.com/@magicsoultravel,UC4zkEzqEk1yyAgoxctP3z8g,40,"Cruise ship horns leaving Sint Maarten Philipsbourg -Love Boat theme",https://www.youtube.com/watch?v=rQ1zzU_gLYI,rQ1zzU_gLYI,2026-02-13T01:09:04Z,00:46,854,,https://i.ytimg.com/vi/rQ1zzU_gLYI/hqdefault.jpg,available
"Magic Soul Travel",https://www.youtube.com/@magicsoultravel,UC4zkEzqEk1yyAgoxctP3z8g,41,"Cruise ships arriving to Port Zante Saint Kitts 🌴 09/02/2026",https://www.youtube.com/watch?v=tUvWKLCzglI,tUvWKLCzglI,2026-02-10T11:57:09Z,00:30,397,,https://i.ytimg.com/vi/tUvWKLCzglI/hqdefault.jpg,available
"Magic Soul Travel",https://www.youtube.com/@magicsoultravel,UC4zkEzqEk1yyAgoxctP3z8g,42,"Cruise ship leaving the Port Zante, Saint Kitts 🌊🚢 Norwegian Getaway",https://www.youtube.com/watch?v=oWEMAG1bo5o,oWEMAG1bo5o,2026-02-08T23:30:44Z,00:25,"1,257",,https://i.ytimg.com/vi/oWEMAG1bo5o/hqdefault.jpg,available
"Magic Soul Travel",https://www.youtube.com/@magicsoultravel,UC4zkEzqEk1yyAgoxctP3z8g,43,"Breathtaking Barbados Beaches ⛱️🌴 | Pebbles Beach | Caribbean Paradise #Shorts #lovebarbados",https://www.youtube.com/watch?v=IfrSGUZ6-lE,IfrSGUZ6-lE,2025-09-26T16:02:17Z,00:23,248,"Discover the stunning beaches of Barbados 🌊 From crystal-clear waters to golden sands, this Caribbean paradise is perfect for relaxation and adventure. 🇧🇧✨

If you love tropical travel, subscribe for more shorts from the world’s most beautiful destinations!


#Barbados #BarbadosBeaches #Caribbean #TravelShorts #BeachVibes #IslandLife #CaribbeanParadise #TravelGoals #Barbados2025 #TropicalGetaway",https://i.ytimg.com/vi/IfrSGUZ6-lE/hqdefault.jpg,available
"Magic Soul Travel",https://www.youtube.com/@magicsoultravel,UC4zkEzqEk1yyAgoxctP3z8g,44,"Wow Amazing Vocals🤩 | Hallelujah | Barbados Police Service Band | Hastings | Sunset 🌊✨",https://www.youtube.com/watch?v=TsyPZqO6-jo,TsyPZqO6-jo,2025-09-21T19:22:46Z,01:27,254,"Experience the soul-stirring performance of Hallelujah by the Barbados Police Service Band, featuring an incredible female vocalist. A breathtaking moment of music, passion, and oceanfront magic. 🌴🎶

#Hallelujah #BarbadosPoliceBand #LiveMusic #FemaleVocalist #HastingsByTheSea #BarbadosMusic #ConcertVibes #OceanfrontConcert #CaribbeanMusic #MusicShorts #leonardcohen #SundayVibes",https://i.ytimg.com/vi/TsyPZqO6-jo/hqdefault.jpg,available
"Magic Soul Travel",https://www.youtube.com/@magicsoultravel,UC4zkEzqEk1yyAgoxctP3z8g,45,"Martinique Carnival 2025 | Walk Before Mardi Gras Red & Black Parade in Fort-de-France",https://www.youtube.com/watch?v=M6vc8iOIKzA,M6vc8iOIKzA,2025-08-29T19:10:44Z,07:04,579,"Take a short walk through the vibrant streets of Fort-de-France, Martinique, just before the Mardi Gras celebrations begin! 🎉
Locals dressed in striking red and black outfits fill the streets with rhythm, dance, and anticipation for the big carnival days ahead. 🇲🇶✨

👉 Experience the energy, culture, and traditions of Martinique’s Carnival as the city comes alive before the festivities truly begin.

If you enjoyed this glimpse of Martinique’s carnival spirit, don’t forget to like 👍, comment 💬, and subscribe 🔔 for more Caribbean vibes!

📍 Location: Fort-de-France, Martinique
🎭 Event: Pre-Mardi Gras Red & Black Parade


#FortDeFrance #Martinique #MardiGras #Carnival2025 #CaribbeanCulture #RedAndBlackParade #FortDeFranceCarnival #MartiniqueCarnival #TravelCaribbean #StreetParade",https://i.ytimg.com/vi/M6vc8iOIKzA/hqdefault.jpg,available
"Magic Soul Travel",https://www.youtube.com/@magicsoultravel,UC4zkEzqEk1yyAgoxctP3z8g,46,"🌊 Barbados Bridgetown Pebbles Beach | Swimming Looking for Sea Turtles 🐢🌞",https://www.youtube.com/watch?v=XKjGOuwlfUU,XKjGOuwlfUU,2025-08-17T11:08:35Z,12:05,400,"Escape to the crystal-clear waters of Pebbles Beach, Barbados for a peaceful day of sun, sea, and relaxation.
No talking, just the soothing sounds of gentle waves, warm sunshine, and the magic of swimming in the Caribbean.
Watch as we explore the turquoise waters and keep an eye out for friendly sea turtles with no success 🙂

Perfect for:

Relaxation & stress relief

Background ambience

Virtual travel to the Caribbean


📍 Location: Pebbles Beach, Barbados
☀ Weather: Sunny & warm with blue skies and turquoise sea
🐢 Highlights: Swimming, Caribbean vibes

If you enjoy peaceful beach videos, please like, share & subscribe for more relaxing travel escapes.


---
#PebblesBeach #Barbados #CaribbeanBeach #RelaxingBeach #OceanSounds #NoTalking #SeaTurtles #BeachRelaxation #BlueSea #TravelVibes #NatureSounds #TropicalBeach #SwimmingWithTurtles #SunnyDay #RelaxingSounds",https://i.ytimg.com/vi/XKjGOuwlfUU/hqdefault.jpg,available
"Magic Soul Travel",https://www.youtube.com/@magicsoultravel,UC4zkEzqEk1yyAgoxctP3z8g,47,"Afternoon Drive in Castries, Saint Lucia🇱🇨 | Cruise Port to Hilltop Airbnb | Friendly Dogs 🐕",https://www.youtube.com/watch?v=KoxwYd3tTT4,KoxwYd3tTT4,2025-08-08T16:11:28Z,07:10,760,"Join us for a relaxing afternoon drive through the vibrant streets of Castries, Saint Lucia! 🌴
We start at the bustling cruise ship port, winding through colorful local neighborhoods before heading uphill toward my Airbnb. Along the way, enjoy distant views of the docked cruise ships, the island’s natural beauty, and a peaceful Caribbean vibe.
Stay tuned until the end for a warm welcome from some adorable and friendly local dogs 🐕❤️

📍 Highlights:

Scenic drive through Castries streets

Panoramic cruise ship views

Tropical island atmosphere

Cute dogs to brighten your day


If you enjoy travel videos, island drives, and local life, don’t forget to like 👍, subscribe 🔔, and share this adventure!

#Castries #SaintLucia #CruisePort #TravelVlog #IslandLife #CaribbeanVibes",https://i.ytimg.com/vi/KoxwYd3tTT4/hqdefault.jpg,available
"Magic Soul Travel",https://www.youtube.com/@magicsoultravel,UC4zkEzqEk1yyAgoxctP3z8g,48,"Martinique | Rum Distillery and Botanical Garden | Habitation Clément 🇲🇶🌴",https://www.youtube.com/watch?v=gPoEyjtUjJk,gPoEyjtUjJk,2025-07-30T18:54:59Z,31:40,280,"Join me on a serene walking tour through the stunning Habitation Clément, one of Martinique’s most iconic cultural and historical sites. 🌿

Located in Le François, this beautifully preserved Creole estate offers a unique blend of tropical gardens, colonial architecture, and art installations, all set on a former sugar plantation and rum distillery. 🏡

In this video, you’ll experience:

Lush botanical pathways 🌺

Historic distillery buildings and aging cellars 🥃

Open-air Caribbean art exhibits 🎨

Panoramic views of the surrounding countryside ⛰️


Whether you're a lover of history, nature, rum, or Caribbean culture, this walk offers a glimpse into the rich heritage of Martinique.

🎧 Sit back, relax, and let the beauty of Habitation Clément transport you.

👉 Don’t forget to like, comment, and subscribe for more relaxing walks and travel inspiration around the Caribbean and beyond!

📍Location: Habitation Clément, Le François, Martinique

-----------


#Martinique
#HabitationClement
#CaribbeanTravel
#WalkingTour
#MartiniqueTourism
#RumDistillery
#CaribbeanHistory
#TravelVlog
#SilentWalk
#RelaxingWalk
#NatureWalk
#TropicalGarden
#CreoleCulture
#MartiniqueVlog
#HistoricalPlaces",https://i.ytimg.com/vi/gPoEyjtUjJk/hqdefault.jpg,available
"Magic Soul Travel",https://www.youtube.com/@magicsoultravel,UC4zkEzqEk1yyAgoxctP3z8g,49,"Rite Side of Red Live in Barbados 🌴 | Surfer’s Bay Reggae Concert Vibes",https://www.youtube.com/watch?v=kzJq4DTUY7M,kzJq4DTUY7M,2025-07-06T20:17:08Z,01:27,624,"Feel the island vibes as Rite Side of Red brings reggae heat to Surfer’s Bay, Barbados! 🎶🔥
This electrifying live performance captures the soul of Caribbean sound and the magic of Barbados nights. Don’t miss the rhythm, the crowd, and the good energy.

📍Location: Surfer’s Bay, Silver Sands, Barbados
🎤 Band: Rite Side of Red
🎵 Genre: Reggae / Island Fusion

👉 Like, comment, and share for more Caribbean concert vibes!


---

#RiteSideOfRed #BarbadosMusic #LiveReggae #SurfersBay #BarbadosVibes #IslandMusic #ReggaeConcert #LiveInBarbados #CaribbeanMusic #BarbadosNightlife #BeachConcert #ReggaeShort",https://i.ytimg.com/vi/kzJq4DTUY7M/hqdefault.jpg,available
"Magic Soul Travel",https://www.youtube.com/@magicsoultravel,UC4zkEzqEk1yyAgoxctP3z8g,50,"Martinique Saint James Rum Distillery  | Distillerie Saint James – Musée du Rhum",https://www.youtube.com/watch?v=jkXEzTlWNhA,jkXEzTlWNhA,2025-06-29T20:08:19Z,21:06,258,"Take a peaceful stroll through the legendary Saint James Distillery in Sainte-Marie, Martinique 🇲🇶. In this immersive slow walk, we explore the historic Rum Museum, vintage equipment, and the serene premises surrounded by lush tropical greenery and colonial-era architecture.

This is more than just a walk — it’s a journey into the heritage of Caribbean rum-making. Enjoy the sights and sounds of one of Martinique’s oldest and most iconic distilleries, founded in 1765.

🎧 No commentary, just ambient sounds — perfect for relaxation or virtual travel.
📍 Location: Sainte-Marie, Martinique
🕰️ Highlights: Distillery buildings, rum museum exhibits, traditional stills, outdoor gardens

If you enjoy cultural walks, slow travel, or are a rum enthusiast, don’t forget to like, subscribe, and hit the bell 🔔!



#SaintJamesDistillery #Martinique #RumMuseum #SlowWalk #WalkingTour #TravelMartinique #CaribbeanRum #SaintJamesRum #HistoricalWalk #VirtualTravel #SainteMarieMartinique #SlowTV #RhumMartinique #CaribbeanCulture
 #RumDistilleryTour


----------------
Partez pour une promenade paisible à travers la Distillerie Saint James, emblème historique situé à Sainte-Marie en Martinique 🇲🇶. Cette balade immersive vous fait découvrir le Musée du Rhum, les anciennes machines de distillation, ainsi que les magnifiques jardins et bâtiments du domaine.

Plus qu'une simple visite, c’est un voyage dans le temps, au cœur du patrimoine rhumier de la Caraïbe. Profitez de l’atmosphère authentique, sans commentaire — uniquement les sons ambiants pour une expérience relaxante ou une évasion virtuelle.

📍 Lieu : Sainte-Marie, Martinique
🕰️ À découvrir : bâtiments de la distillerie, expositions du musée, alambics traditionnels, jardins tropicaux

👉 Si vous aimez les balades culturelles, le slow travel ou l’histoire du rhum, n’oubliez pas de liker, vous abonner et activer la cloche 🔔 !


#DistillerieSaintJames #Martinique #MuséeDuRhum #BaladeLente #VisiteMartinique #RhumCaribéen #SaintJamesRhum #PatrimoineMartiniquais #SlowTV #RhumMartinique #SainteMarieMartinique #TourismeMartinique #CultureCaribéenne #BaladeCulturelle #VisiteDistillerie",https://i.ytimg.com/vi/jkXEzTlWNhA/hqdefault.jpg,available
"Magic Soul Travel",https://www.youtube.com/@magicsoultravel,UC4zkEzqEk1yyAgoxctP3z8g,51,"Barbados 🇧🇧| Bridgetown, Christ Church South Coast Walk",https://www.youtube.com/watch?v=1owhfDD2NZ8,1owhfDD2NZ8,2025-06-22T19:21:27Z,24:15,739,"Take a relaxing walk with me through the vibrant and sunny streets of Barbados! ☀️ Today, we explore the scenic south coast, this area is full of local flavors, Caribbean vibes, and welcoming energy. 🌴✨

Whether you're planning a trip to Barbados or just love travel content, this peaceful walk will transport you to paradise!

📍 Location: South Coast of Barbados


Nelson's Road | Naby Garden Road  | Marine Gardens | Queens Way  | Hastings Main Road along the southern coast and the Lantern's Mall where you can find an ATM, good food and a general store open on Sundays.

👉 Don’t forget to LIKE, SUBSCRIBE, and hit the bell for more relaxing walks and island life content!




#BarbadosWalk #LanternsMall #BajanFood #BarbadosTour #SunnyDayWalk #CaribbeanTravel #IslandVibes #WalkingTour #LocalFood #TravelBarbados #BarbadosVlog #Wanderlust #ChristChurchBarbados #BeachVibes #BajanCulture",https://i.ytimg.com/vi/1owhfDD2NZ8/hqdefault.jpg,available
"Magic Soul Travel",https://www.youtube.com/@magicsoultravel,UC4zkEzqEk1yyAgoxctP3z8g,52,"Martinique 🇲🇶 Ash Wednesday After-Party Madness | DJs, Live Music Vibes! Carnival 2025",https://www.youtube.com/watch?v=LSn2fPTOGAw,LSn2fPTOGAw,2025-06-15T19:44:52Z,11:31,179,"Get an inside look at the spontaneous Ash Wednesday after-party on the vibrant streets of Fort-de-France, Martinique! 🎉 From pumping DJ sets to live music and a sea of people dressed in white and black, this street celebration is a true Caribbean vibe you don't want to miss.

Captured raw and unfiltered, this vertical video brings you right into the heart of the island’s post-Carnival culture.

📍 Location: Fort-de-France, Martinique
📅 Event: Ash Wednesday After-Party
🎶 Music: Live DJs, Caribbean beats, and street sound systems

https://youtube.com/playlist?list=PLAPhUH0qxQvkum5Eb77eEkaiU7fVbXpi_&si=eL5UPyfZ1TQ3ky2f

👉 Don’t forget to like, comment, and subscribe for more Caribbean street culture content!

#MartiniqueVibes #CarnivalAfterParty #AshWednesday2025",https://i.ytimg.com/vi/LSn2fPTOGAw/hqdefault.jpg,available
"Magic Soul Travel",https://www.youtube.com/@magicsoultravel,UC4zkEzqEk1yyAgoxctP3z8g,53,"Mardi Gras Morning Walk in Fort-de-France Martinique | Quiet Streets Before the Carnival Parade",https://www.youtube.com/watch?v=ZmYQkhYdW7o,ZmYQkhYdW7o,2025-06-11T16:00:55Z,11:03,937,"Start your Mardi Gras with a peaceful morning walk through the vibrant streets of Fort-de-France, Martinique 🇲🇶. Before the crowds and costumes take over, the city glows in the early sunshine—calm, colorful, and full of quiet anticipation.

Explore empty streets, see street vendors setting up, and feel the unique vibe of Carnival day just before it erupts into celebration. A rare look at the calm before the storm on one of the most festive days in the Caribbean!

📍 Location: Fort-de-France, Martinique
📆 Event: Mardi Gras Morning (Carnival Day)
☀️ Weather: Sunny and warm
🎭 Parade: Coming later in the day!

🔔 Don’t forget to like, comment, and subscribe for more travel walks and Caribbean culture videos!



#FortDeFrance #MartiniqueCarnival #MardiGras2025 #CaribbeanVibes #WalkingTour #MardiGrasMorning #CarnivalPrep #EmptyStreets #TravelVlog #MartiniqueWalk #CarnivalVibes #CaribbeanCarnival #TravelCaribbean",https://i.ytimg.com/vi/ZmYQkhYdW7o/hqdefault.jpg,available
"Magic Soul Travel",https://www.youtube.com/@magicsoultravel,UC4zkEzqEk1yyAgoxctP3z8g,54,"🔥 Mardi Gras Martinique | Conque de lambi & Bold Beats | Red & Black Parade Power 🎺🥁",https://www.youtube.com/watch?v=kzoNKSf5KFM,kzoNKSf5KFM,2025-06-08T18:54:07Z,00:35,702,"Experience the electrifying energy of Mardi Gras with a stunning all-female marching band in bold red and black costumes! Watch as they bring the streets to life with booming drums, blaring brass, and mesmerizing conch shell . This is not your average parade — it’s a rhythmic explosion of color, culture, and carnival spirit! 🎭🎶

🎥 Filmed during the vibrant Mardi Gras celebration, this short captures the soul of the festival with unique instruments, empowering performances, and unmissable style.

📍 Subscribe for more musical parades, street performances, and cultural celebrations from around the world!


#MardiGras #MarchingBand #CarnivalVibes #Drumline #TrumpetPower #WomenInMusic #SeashellTrumpet #StreetPerformance #RedAndBlackStyle #FestivalVibes #ParadeLife #BrassBand #MardiGras2025 #Shorts",https://i.ytimg.com/vi/kzoNKSf5KFM/hqdefault.jpg,available
"Magic Soul Travel",https://www.youtube.com/@magicsoultravel,UC4zkEzqEk1yyAgoxctP3z8g,55,"Driving in Saint Lucia | From Castries to Soufrière  🌴☀️🇱🇨",https://www.youtube.com/watch?v=T8zqoi73KEM,T8zqoi73KEM,2025-06-08T09:11:35Z,31:32,"3,931","Take a front-row seat on the drive from Castries to Soufrière on a sunny day in Saint Lucia! 🇱🇨

Experience the lush green mountains, sparkling ocean views, and charming villages along this iconic route. Although we hit a few patches of roadwork, the beauty of Saint Lucia shines through every curve of the road.

🚗 Route Highlights:

Panoramic Caribbean Sea views 🌊

Local life and roadside charm

Road conditions


If you’re planning to visit or just want to escape into a tropical daydream, this real-time drive has it all.


Don’t forget to like, comment, and subscribe for more island drives and Caribbean content!



#SaintLucia #CastriesToSoufriere #IslandDrive #ScenicDrive #CaribbeanViews #TravelSaintLucia #RoadTripVibes #TropicalDrive #ExploreSaintLucia #CaribbeanRoadTrip #SunnyDayDrive #NatureViews #SaintLuciaRoads #IslandAdventure",https://i.ytimg.com/vi/T8zqoi73KEM/hqdefault.jpg,available
"Magic Soul Travel",https://www.youtube.com/@magicsoultravel,UC4zkEzqEk1yyAgoxctP3z8g,56,"Mardi Gras Carnival 2025 Martinique 🇲🇶",https://www.youtube.com/watch?v=sf7EcEsC8NM,sf7EcEsC8NM,2025-06-04T19:07:37Z,00:23,"1,909","Experience the electrifying rhythm of a Mardi Gras night! This high-energy marching band lights up the streets with powerful drums, decked out in striking red, black, and African-inspired colors. A vibrant celebration of culture, music, and unity—captured late into the night. Don’t miss the beat!


#MardiGras #MarchingBand #StreetDrummers #NightParade #CarnivalVibes  
#AfricanColors #RedAndBlackStyle #Drumline #NewOrleansVibes  
#FestivalEnergy #MardiGras2025 #CulturalRhythms #LateNightBeats  
#LiveMusic #ParadeLif",https://i.ytimg.com/vi/sf7EcEsC8NM/hqdefault.jpg,available
"Magic Soul Travel",https://www.youtube.com/@magicsoultravel,UC4zkEzqEk1yyAgoxctP3z8g,57,"Mardi Gras | Carnival 2025 | Fort-de-France, Martinique",https://www.youtube.com/watch?v=VwnPeFpTPH4,VwnPeFpTPH4,2025-06-04T18:11:37Z,24:47,"1,552","Experience the vibrant energy of Mardi Gras in Fort-de-France, Martinique! From noon until late into the night, this Caribbean carnival explodes with color, rhythm, and tradition. Watch as marching bands fill the streets, and thousands of people dressed in striking red and black dance, celebrate, and embrace the spirit of the island's unique take on Carnival.

🎭 Feel the beat of the drums, immerse yourself in the Creole culture, and witness the powerful visual impact of this symbolic day where red and black represent rebellion, unity, and pride.

📍 Location: Fort-de-France, Martinique
📅 Event: Mardi Gras (Carnival Tuesday)
🎶 Features: Live music, traditional costumes, street parades, and high-energy performances.

👉 Don’t forget to like, comment, and subscribe for more Carnival and cultural celebration videos from around the world!


---

#MardiGrasMartinique
#FortDeFranceCarnival
#MartiniqueCarnival2025
#CaribbeanCarnival
#MardiGras2025
#CarnivalVibes",https://i.ytimg.com/vi/VwnPeFpTPH4/hqdefault.jpg,available
"Magic Soul Travel",https://www.youtube.com/@magicsoultravel,UC4zkEzqEk1yyAgoxctP3z8g,58,"Saint Lucia Walking Tour | Streets of Castries on a Sunday",https://www.youtube.com/watch?v=mjjN_czUWNE,mjjN_czUWNE,2025-06-01T15:06:03Z,15:38,"3,953","Join me for a peaceful Sunday afternoon walk through the quiet streets of Castries, the capital city of Saint Lucia 🇱🇨. Starting at the cruise ship harbor, I take you on a slow-paced tour toward the main square, passing by closed shops, empty restaurants, and the tranquil charm of a city at rest.

This video captures the unique atmosphere of Castries when the cruise crowds are gone and the locals take the day off. Whether you're planning a trip or just curious about what Saint Lucia looks like on a calm Sunday, this virtual walk gives you a real-time look at the city’s quieter side.

📍 Route Highlights:

Cruise Ship Terminal / Port of Castries

Empty streets and shuttered stores

The Main Square (Derek Walcott Square)


🎥 Filmed in 4K for an immersive walking tour experience.

Don't forget to like, subscribe, and leave a comment if you've been to Castries or dream of visiting Saint Lucia!


#Castries #SaintLucia #WalkingTour #CruisePort #SundayWalk #CastriesSaintLucia #CaribbeanTravel #CruiseStop #VirtualWalk #CityWalk #EmptyStreets #DerekWalcottSquare #TravelVlog #IslandVibes #CaribbeanCruise #CastriesWalk #SlowTravel #OffTheBeatenPath",https://i.ytimg.com/vi/mjjN_czUWNE/hqdefault.jpg,available
"Magic Soul Travel",https://www.youtube.com/@magicsoultravel,UC4zkEzqEk1yyAgoxctP3z8g,59,"Saint Lucia | Castries Market | Sunday Afternoon 🇱🇨🌴",https://www.youtube.com/watch?v=W05iEen_Oyw,W05iEen_Oyw,2025-05-30T21:55:40Z,01:00,547,"Join me for a peaceful Sunday stroll through the colorful Castries Market in Saint Lucia. Local music fills the air as a few vendors sell their goods. A simple moment capturing the heart and soul of this island paradise. 🌴✨

🎶 Background: Island music playing
📍 Location: Castries Market, Saint Lucia
🛍️ Featuring: Local vendors, culture, Caribbean charm

Don’t forget to like 👍, comment 💬, and subscribe 🔔 for more island moments!

#CastriesMarket #SaintLucia #CaribbeanVibes #IslandLife #SundayWalk #LocalMarket #TravelShorts #Castries #CaribbeanCulture #SaintLuciaVibes #IslandMusic #MarketWalk #TravelReels #ExploreSaintLucia #AuthenticTravel",https://i.ytimg.com/vi/W05iEen_Oyw/hqdefault.jpg,available
"Magic Soul Travel",https://www.youtube.com/@magicsoultravel,UC4zkEzqEk1yyAgoxctP3z8g,60,"Saint Lucian History Mural | Castries Street Art Tour 🇱🇨",https://www.youtube.com/watch?v=jRyMFWhaICY,jRyMFWhaICY,2025-05-29T17:56:41Z,01:11,444,"Take a stroll through Castries, Saint Lucia, and explore a powerful mural that brings the island's history to life. From colonial past to cultural pride, this vibrant street art tells the story of Saint Lucia in bold colors and rich detail. 🇱🇨🎨

Subscribe for more Caribbean culture and travel content!

📍 Location: Castries, Saint Lucia
🎨 Mural Theme: History of Saint Lucia


---
#SaintLucia #Castries #StreetArt #CaribbeanCulture #SaintLucianHistory #MuralWalk #TravelSaintLucia #CastriesArt #IslandHistory #CaribbeanTravel #HiddenGems #SaintLuciaVibes",https://i.ytimg.com/vi/jRyMFWhaICY/hqdefault.jpg,available
"Magic Soul Travel",https://www.youtube.com/@magicsoultravel,UC4zkEzqEk1yyAgoxctP3z8g,61,"Martinique Driving | Le Diamant to Fort-de-France",https://www.youtube.com/watch?v=FPNHGJF__jE,FPNHGJF__jE,2025-05-29T15:02:05Z,30:01,"2,757","Join us for a scenic, uncut drive from the charming seaside town of Le Diamant to the bustling capital, Fort-de-France, in beautiful Martinique. Experience the lush landscapes, winding coastal roads, and authentic Caribbean atmosphere in real time. Perfect for virtual travelers, driving enthusiasts, or anyone wanting a relaxing island road trip.

🇫🇷 Français :
Embarquez pour une route pittoresque, en vidéo non coupée, depuis le charmant village côtier du Diamant jusqu’à la capitale animée de Fort-de-France, en Martinique. Admirez en temps réel les paysages tropicaux, les routes sinueuses et l’ambiance authentique des Caraïbes. Idéal pour les voyageurs virtuels, les passionnés de conduite ou ceux qui rêvent d’un road trip relaxant sur l’île.
 
magicsoultravel.com 


🛣️ Route: Le Diamant → Fort-de-France
📽️ Format: Full uncut drive
📍 Location: Martinique


👉 Don’t forget to like, comment, and subscribe for more island road trips!


#LeDiamant #FortDeFrance #MartiniqueDrive #DrivingInMartinique #CaribbeanRoadTrip #Martinique2025 #UncutDrive #RoadTripFrance #MartiniqueVlog #ConduiteEnMartinique #RouteTouristique #AntillesFrançaises #VoyageEnVoiture #MartiniqueNature #ÎleAuxFleurs #RouteCôtière #DashcamMartinique #TravelMartinique #ConduiteTropicale #FrenchCaribbean",https://i.ytimg.com/vi/FPNHGJF__jE/hqdefault.jpg,available
"Magic Soul Travel",https://www.youtube.com/@magicsoultravel,UC4zkEzqEk1yyAgoxctP3z8g,62,"Saint Lucia to Martinique | Express des Îles Full Journey to Fort-de-France",https://www.youtube.com/watch?v=9LluVcu0J7c,9LluVcu0J7c,2025-05-25T10:00:06Z,29:00,"3,367","Join us on a scenic ferry ride from Saint Lucia to Martinique aboard the Express des Îles! This video captures the full experience—from boarding at Castries, sailing across the Caribbean Sea, to arriving at the vibrant port city of Fort-de-France. 

Chapters:
0:00 – Boarding at Castries Ferry Terminal
2:46 – Departure & Sea Views
15:04 – Approaching Martinique 
21:31 – Arrival in Fort-de-France, Martinique 
27:32– Disembarking

https://youtube.com/playlist?list=PLAPhUH0qxQvlrnuXnm4iHdrKOfx6UtxHI&si=13dfE42KKDQp6HQ3

Subscribe and visit our site for more Caribbean travel content and destination guides!

https://www.magicsoultravel.com

Hashtags:
#SaintLuciaToMartinique #ExpressDesIles #CaribbeanFerry #FortDeFrance #IslandHopping #SaintLuciaTravel #MartiniqueTravel #CaribbeanAdventure #FerryRide #TravelVlog",https://i.ytimg.com/vi/9LluVcu0J7c/hqdefault.jpg,available
"Magic Soul Travel",https://www.youtube.com/@magicsoultravel,UC4zkEzqEk1yyAgoxctP3z8g,63,"🔥 Martinique Carnival 2025  Mardi Gras Dancers in Red & Black Parade",https://www.youtube.com/watch?v=pv6zCngo-YI,pv6zCngo-YI,2025-05-18T13:48:32Z,00:41,"1,193","Experience the vibrant energy of Martinique’s Carnival 2025! Watch the stunning Mardi Gras dancers in their striking red and black costumes light up the streets with rhythm, color, and tradition. This parade is part of the legendary Caribbean celebration you don’t want to miss!


#MartiniqueCarnival #MardiGras2025 #CaribbeanCarnival #CarnavalMartinique #RedAndBlackParade #MardiGrasDancers #CarnivalVibes #IslandCulture #TravelCaribbean #Carnival2025 #DanceParade",https://i.ytimg.com/vi/pv6zCngo-YI/hqdefault.jpg,available
"Magic Soul Travel",https://www.youtube.com/@magicsoultravel,UC4zkEzqEk1yyAgoxctP3z8g,64,"Driving in Saint Lucia: Castries to Rodney Bay | Sunny Day",https://www.youtube.com/watch?v=Nfwg1TwUrOg,Nfwg1TwUrOg,2025-05-18T10:00:37Z,25:13,"7,406","Join us on a scenic drive through beautiful Saint Lucia, starting from our cozy Airbnb in Castries—complete with some adorable and friendly dogs! We travel the lush, sun-drenched roads all the way to Rodney Bay, capturing the stunning Caribbean coastline, vibrant local life, and peaceful island vibes. Whether you're planning a trip or just love tropical scenery, sit back and enjoy this relaxing island drive.

Don’t forget to like, comment, and subscribe for more Caribbean travel content!

https://youtube.com/playlist?list=PLAPhUH0qxQvlrnuXnm4iHdrKOfx6UtxHI&si=dXplqfOoESe9yjVr

Visit our site for more content:

https://www.magicsoultravel.com


#SaintLucia #DrivingInSaintLucia #CastriesToRodneyBay #CaribbeanDrive #IslandVibes #TravelSaintLucia #SunnyDayDrive #RodneyBay #AirbnbSaintLucia #RoadTripVibes #CaribbeanTravel #IslandLife #SaintLuciaVlog #NatureDrive",https://i.ytimg.com/vi/Nfwg1TwUrOg/hqdefault.jpg,available
"Magic Soul Travel",https://www.youtube.com/@magicsoultravel,UC4zkEzqEk1yyAgoxctP3z8g,65,"Carnival in Martinique Fort-de-France | Ash Wednesday | Mercredi des Cendres",https://www.youtube.com/watch?v=zurPNsgEIgw,zurPNsgEIgw,2025-05-16T16:36:52Z,20:41,"2,026","Experience the powerful and emotional finale of Martinique’s Carnival with this stunning Ash Wednesday parade in Fort-de-France. Dressed in black and white, thousands of people take to the streets in a vibrant procession filled with rhythmic drums, energetic marching bands, and a unique cultural atmosphere. This day marks the symbolic funeral of Vaval, the carnival king, closing the festivities with a mix of celebration and reflection.

Join us as we capture the heartbeat of Martinique’s culture — from the hypnotic music to the soulful expressions of unity and tradition. Don’t forget to like, comment, and subscribe for more Caribbean culture and festival videos!

Vivez le final émouvant du Carnaval de Martinique avec cette incroyable parade du Mercredi des Cendres à Fort-de-France. Habillés en noir et blanc, des milliers de participants défilent dans une ambiance intense, rythmée par les tambours, les fanfares et une énergie unique. Cette journée symbolise les funérailles de Vaval, roi du carnaval, clôturant les festivités dans un mélange de joie et de recueillement.

Plongez au cœur de la culture martiniquaise à travers cette tradition forte et vibrante. N’oubliez pas d’aimer, commenter et vous abonner pour découvrir plus de vidéos sur le Carnaval et la culture des Caraïbes !


https://youtube.com/playlist?list=PLAPhUH0qxQvkum5Eb77eEkaiU7fVbXpi_&si=4zyl6rjNDfeyiXSJ

Subscribe and visit our sute for more Caribbean travel content and destination guides!

https://www.magicsoultravel.com

#MartiniqueCarnival #AshWednesday #FortDeFrance #CaribbeanCarnival #BlackAndWhiteParade #Vaval #CarnavalMartinique #DrumParade #MarchingBands #StreetParade #CaribbeanCulture #FrenchCaribbean #MartiniqueVibes #CarnivalTradition #Carnival2025 #CarnavalMartinique #MercrediDesCendres #FortDeFrance #DéfiléNoirEtBlanc #Vaval #Tambours #Fanfares #ParadeDeRue #CultureCaribéenne #Carnaval2025 #MartiniqueCarnival #AshWednesday #BlackAndWhiteParade #CaribbeanCarnival",https://i.ytimg.com/vi/zurPNsgEIgw/hqdefault.jpg,available
"Magic Soul Travel",https://www.youtube.com/@magicsoultravel,UC4zkEzqEk1yyAgoxctP3z8g,66,"Sunset Barbados🇧🇧",https://www.youtube.com/watch?v=Fkr4cPN9-nQ,Fkr4cPN9-nQ,2025-05-12T18:42:52Z,00:29,209,"Watch this breathtaking sunset unfold over the crystal-clear waters of Rockley Beach in Barbados. A peaceful moment captured in a stunning time-lapse — the perfect escape to Caribbean tranquility. Don’t forget to like, share, and subscribe for more tropical scenes!


#Barbados #RockleyBeach #SunsetTimeLapse #CaribbeanVibes #BeachSunset #TropicalParadise #NatureLovers #TravelShorts #IslandLife #SunsetLovers #YouTubeShorts #BarbadosSunset",https://i.ytimg.com/vi/Fkr4cPN9-nQ/hqdefault.jpg,available
"Magic Soul Travel",https://www.youtube.com/@magicsoultravel,UC4zkEzqEk1yyAgoxctP3z8g,67,"Saint Lucia Driving | Walking tour | From Piton Viewpoint to Soufriere  🌴🌊🇱🇨",https://www.youtube.com/watch?v=tt110jBnFWI,tt110jBnFWI,2025-05-11T19:00:43Z,11:20,737,"Discover the breathtaking views from the Piton Viewpoint in Saint Lucia and join me on a scenic drive to the charming town of Soufrière. In this travel vlog, we explore local sights, soak in the island’s natural beauty, and take a peaceful walk through the colorful streets of Soufrière. From lush mountain views to coastal charm, this quick journey showcases why Saint Lucia is a Caribbean gem you need to see.

Highlights:

00:00 Stunning Piton Viewpoint
0:58 Drive through lush St. Lucian landscapes
4:31 Walking tour of Soufrière town
10:21 Pitons and waves 


Don’t forget to like, comment, and subscribe for more Caribbean adventures!

https://youtube.com/playlist?list=PLAPhUH0qxQvlrnuXnm4iHdrKOfx6UtxHI&si=pSzw3AfDFXBioSLA

Visit our site for more content:

https://www.magicsoultravel.com

#SaintLucia #PitonViewpoint #Soufriere #CaribbeanTravel #TravelVlog #IslandLife #PitonMountains #StLuciaTourism #CaribbeanViews #Wanderlust #TravelShorts #ExploreSaintLucia #SoufriereWalk #PitonVibes",https://i.ytimg.com/vi/tt110jBnFWI/hqdefault.jpg,available
"Magic Soul Travel",https://www.youtube.com/@magicsoultravel,UC4zkEzqEk1yyAgoxctP3z8g,68,"Driving in Saint Lucia: From Castries Hills to Paradise Beach at Rodney Bay",https://www.youtube.com/watch?v=XupsYEs1MiI,XupsYEs1MiI,2025-05-10T18:34:17Z,09:21,422,"Experience one of Saint Lucia’s most breathtaking drives—from the steep hills and narrow roads of Castries, past the bustling harbor with majestic cruise ships, to the golden sands and turquoise waters of Rodney Bay. This video captures the natural beauty, local charm, and vibrant atmosphere of the island, perfect for travelers, adventurers, and Caribbean dreamers. Buckle up for a tropical road trip like no other!

00:00 Saint Lucian hills
2:14 Cruise Ships harbor 
4:10 On the way to Rodney Bay 
7:48 Paradise Beach 

https://youtube.com/playlist?list=PLAPhUH0qxQvlrnuXnm4iHdrKOfx6UtxHI&si=t-mAMzawt6FcureC

Subscribe and visit our sute for more Caribbean travel content and destination guides!

https://www.magicsoultravel.com

#SaintLucia #CastriesToRodneyBay #CaribbeanDrive #RodneyBayBeach #TropicalRoadTrip #IslandVibes #CruisePortSaintLucia #SaintLuciaTravel #CaribbeanParadise #DrivingInSaintLucia #BeachDrive #ScenicDri",https://i.ytimg.com/vi/XupsYEs1MiI/hqdefault.jpg,available
"Magic Soul Travel",https://www.youtube.com/@magicsoultravel,UC4zkEzqEk1yyAgoxctP3z8g,69,"Horses bathing on Pebbles Beach Barbados",https://www.youtube.com/watch?v=m4kJIs_ScFg,m4kJIs_ScFg,2025-05-09T17:02:44Z,02:13,125,"Experience the magic of early morning in Barbados as majestic racehorses swim at sunrise on the pristine shores of Pebbles Beach. Just minutes from the historic Garrison Savannah racetrack, this tranquil tradition offers a unique glimpse into local equestrian culture and the therapeutic routines of these elite animals.

Watch as grooms gently guide their horses into the Caribbean Sea for a swim that aids recovery and conditioning. The golden sunrise, crystal-clear waters, and peaceful ambiance make this one of Barbados' most unforgettable and photogenic moments.

Whether you're planning a trip or just dreaming of paradise, this video brings you closer to one of the island's most soulful rituals.

Filmed at: Pebbles Beach, Bridgetown, Barbados
Best Time to Visit: 5:30 AM – 7:00 AM
Nearby Spots: Radisson Aquatica Resort, Hilton Barbados Resort, Cuz's Fish Shack

Subscribe for more island life, travel inspiration, and hidden gems from Barbados and beyond!



#PebblesBeach #BarbadosSunrise #SwimmingHorses #RacehorsesBarbados #GarrisonSavannah #BarbadosTravel #IslandLife #CaribbeanHorses #SunriseMagic #BarbadosHiddenGems #HorseSwim #BeachTherapy #EquestrianLife #VisitBarbados #TropicalVibes",https://i.ytimg.com/vi/m4kJIs_ScFg/hqdefault.jpg,available
"Magic Soul Travel",https://www.youtube.com/@magicsoultravel,UC4zkEzqEk1yyAgoxctP3z8g,70,"Barbados Green Monkeys 🌴🇧🇧 Barbados Wildlife Reserve 🐒",https://www.youtube.com/watch?v=9Fq1iT5DVa8,9Fq1iT5DVa8,2025-05-08T19:43:58Z,00:20,"2,839","Watch playful Barbados Green Monkeys snack on juicy tropical fruit in their natural habitat! 

#Barbados #GreenMonkeys #Wildlife #TropicalVibes #NatureLovers #AnimalShorts #CaribbeanWildlife #MonkeysEatingFruit",https://i.ytimg.com/vi/9Fq1iT5DVa8/hqdefault.jpg,available
"Magic Soul Travel",https://www.youtube.com/@magicsoultravel,UC4zkEzqEk1yyAgoxctP3z8g,71,"Saint Lucia, Cruise Ship and Jungle Sounds 🌴🦜",https://www.youtube.com/watch?v=zBO-qqpC4qs,zBO-qqpC4qs,2025-05-07T20:47:51Z,00:20,"1,541","Soak in the serene view from a hidden jungle viewpoint in Saint Lucia. Listen to the sounds of nature as a majestic cruise ship sails across the sparkling Caribbean Sea — pure island magic!

#SaintLucia #CaribbeanVibes #CruiseView #JungleSounds #IslandLife #TropicalParadise #NatureASMR #TravelShorts #OceanView #CruiseShipSpotting #HiddenGems #NatureLovers",https://i.ytimg.com/vi/zBO-qqpC4qs/hqdefault.jpg,available
"Magic Soul Travel",https://www.youtube.com/@magicsoultravel,UC4zkEzqEk1yyAgoxctP3z8g,72,"Bridgetown, Barbados City Walk 🇧🇧",https://www.youtube.com/watch?v=lItbPSbnk6Q,lItbPSbnk6Q,2025-05-07T17:05:46Z,04:36,179,"Take a peaceful Sunday stroll through the quiet, empty streets of Bridgetown, Barbados. With most shops closed and the city slowing down for the day, experience the calm and beauty of this historic Caribbean capital in a way few tourists ever see. From colonial architecture to serene street views, this short walking tour captures the essence of Bridgetown’s laid-back Sunday vibe.

Whether you’re planning a trip to Barbados or just love virtual walking tours, this relaxing video is a perfect way to unwind and explore.

https://youtube.com/playlist?list=PLAPhUH0qxQvlVckLpjA31e4oks1NlVjUL&si=IHag2MCfyjsCNub1


#Bridgetown #Barbados #SundayVibes #WalkingTour #EmptyStreets #CaribbeanTravel #VirtualTour #BarbadosWalk #CityWalk #BridgetownBarbados #PeacefulWalk #TravelShorts #UrbanExploration #QuietSunday #BarbadosStreets",https://i.ytimg.com/vi/lItbPSbnk6Q/hqdefault.jpg,available
"Magic Soul Travel",https://www.youtube.com/@magicsoultravel,UC4zkEzqEk1yyAgoxctP3z8g,73,"Driving from Saint Lucia SLU Airport | Traffic in Castries | Steep Saint Lucian roads",https://www.youtube.com/watch?v=3IGtUjWOyGE,3IGtUjWOyGE,2025-05-04T14:17:17Z,17:06,911,"Join us on the roads of Saint Lucia starting from SLU Airport to an Airbnb located on a top of a hill! From  intense local traffic in Castries to tight, winding roads and steep hills , this drive is not for the faint of heart. Whether you're planning a trip or just curious about what it's like to drive on this Caribbean island, this real-time journey gives you a front-seat view of the action.

In this video:

00:00 SLU Airport to Massy store

6:29 Driving through Castries traffic

11:30 Navigating extremely narrow and steep roads

16:30 Reaching a hilltop Airbnb in Saint Lucia


https://youtube.com/playlist?list=PLAPhUH0qxQvlrnuXnm4iHdrKOfx6UtxHI&si=vLgOevshCgrzn5jm

Don’t forget to like, comment, and subscribe for more real travel experiences!


---

#SaintLucia #SLUairport #DrivingInSaintLucia #CaribbeanTravel #AirbnbDrive #CastriesTraffic #SteepRoads #TravelVlog #IslandDriving #RoadTripSaintLucia",https://i.ytimg.com/vi/3IGtUjWOyGE/hqdefault.jpg,available
"Magic Soul Travel",https://www.youtube.com/@magicsoultravel,UC4zkEzqEk1yyAgoxctP3z8g,74,"Late Sunset at Rockley Beach, Barbados | Caribbean Beach Vibes",https://www.youtube.com/watch?v=v953lphGolA,v953lphGolA,2025-05-02T19:13:28Z,05:37,68,"Experience the serene beauty of a late sunset on Rockley Beach, one of Barbados' most picturesque coastal gems. Watch as the sky transforms with vibrant hues of orange, pink, and gold, casting a magical glow over the calm Caribbean waters. Perfect for relaxation, travel inspiration, or simply escaping into tropical paradise for a few minutes.

Filmed at: Rockley Beach (Accra Beach), South Coast of Barbados
Time of Day: Late Sunset

Don’t forget to like, comment, and subscribe for more Caribbean nature scenes and beach views.

#BarbadosSunset #RockleyBeach #CaribbeanVibes #TropicalEscape #BeachSunset #SunsetLovers #AccraBeach #BarbadosBeaches #TravelBarbados #NatureVibes #RelaxingVideos #SunsetShorts #VisitBarbados",https://i.ytimg.com/vi/v953lphGolA/hqdefault.jpg,available
"Magic Soul Travel",https://www.youtube.com/@magicsoultravel,UC4zkEzqEk1yyAgoxctP3z8g,75,"Caribbean Travels | Flight from Barbados (BGI) to Saint Lucia (SLU) with Caribbean Airlines",https://www.youtube.com/watch?v=zkJsT1QPZ20,zkJsT1QPZ20,2025-05-01T20:28:50Z,23:32,"2,313","Join me on a breathtaking flight from the beautiful island of Barbados to Saint Lucia's George F. L. Charles Airport (SLU). Watch as we soar over the turquoise waters of the Caribbean Sea, with incredible aerial views of tropical coastlines and lush island landscapes. Whether you're a travel lover, aviation enthusiast, or just dreaming of the Caribbean, this short flight offers unforgettable scenery from takeoff to landing.

Flight Details:

Departure: Grantley Adams International Airport (BGI), Barbados

Arrival: George F. L. Charles Airport (SLU), Saint Lucia

Duration: Approx. 45 minutes

Airline: Caribbean Airlines 

Aircraft: ATR 72-600

Don't forget to like, comment, and subscribe for more tropical travel content!

00:00 -  Going to gate
00:46 -  Boarding
3:45  - Getting ready for takeoff
5:16  - Takeoff
6:21 - Flight attendant anouncement
7:20  - Barbados from a plane
11:16 - In the clouds
13:26 - Turbulence
15:02 - Captain explaing what caused the turbulance
16:10 - Just some beautiful clouds
17:10 - Saint Lucia from a plane
19:21 -  Landing at SLU Saint Lucia airport
20:59 - Flight attendant anouncement


https://youtube.com/playlist?list=PLAPhUH0qxQvlrnuXnm4iHdrKOfx6UtxHI&si=vLgOevshCgrzn5jm

Visit our site for more content:

www.magicsoultravel.com

#BarbadosToSaintLucia #CaribbeanFlight #SaintLuciaSLU #BarbadosTravel #WindowSeatView #TropicalIslands #CaribbeanSea #FlightVlog #IslandHopping #BGItoSLU #SaintLuciaTravel #PlaneViews #Bridgetown #Castries",https://i.ytimg.com/vi/zkJsT1QPZ20/hqdefault.jpg,available
"Magic Soul Travel",https://www.youtube.com/@magicsoultravel,UC4zkEzqEk1yyAgoxctP3z8g,76,"Sunset at Castries Pointe Seraphine | Saint Lucia Magic",https://www.youtube.com/watch?v=esdtwRKzPlE,esdtwRKzPlE,2025-04-28T21:19:13Z,00:16,624,"Experience the stunning colors of a Caribbean sunset at Castries Pointe Seraphine Cruise Terminal, with a glimpse of the iconic Saint Lucia sign! Pure island vibes and unforgettable views await.
Subscribe for more travel moments and tropical beauty!

#SaintLucia #Castries #PointeSeraphine #CaribbeanSunset #IslandLife #CruiseLife #TravelShorts #SunsetLovers #ExploreSaintLucia #TropicalVibes #BeautifulDestinations",https://i.ytimg.com/vi/esdtwRKzPlE/hqdefault.jpg,available
"Magic Soul Travel",https://www.youtube.com/@magicsoultravel,UC4zkEzqEk1yyAgoxctP3z8g,77,"Saint Lucia | Pointe Seraphine Cruise Terminal | Castries | Saint Lucia Sign",https://www.youtube.com/watch?v=iLSL3qyYa0g,iLSL3qyYa0g,2025-04-28T18:13:17Z,07:38,408,"Join me on a peaceful sunset walk along the waterfront of Castries, Saint Lucia, as we slowly approach the Pointe Seraphine Cruise Terminal. Watch as the golden Caribbean light sets the perfect backdrop while I end the walk at the iconic Saint Lucia sign — a must-see spot for visitors and cruise passengers alike! If you're planning a cruise stop or vacation in Saint Lucia, this walk will give you a feel for the relaxing beauty that awaits.
Don't forget to like, comment, and subscribe for more travel walks and Caribbean vibes!

https://youtube.com/playlist?list=PLAPhUH0qxQvlrnuXnm4iHdrKOfx6UtxHI&si=W2ebmdESJvplnASZ

Timestamps:
00:00 - Start of Walk
01:45 - Approaching Pointe Seraphine
04:30 - Views of the Cruise Terminal
07:10 - Arriving at the Saint Lucia Sign


#SaintLucia #Castries #PointeSeraphine #CruisePort #SaintLuciaSunset #WalkingTour #TravelVlog #CaribbeanTravel #CruiseVacation #SaintLuciaSign #VisitSaintLucia",https://i.ytimg.com/vi/iLSL3qyYa0g/hqdefault.jpg,available
"Magic Soul Travel",https://www.youtube.com/@magicsoultravel,UC4zkEzqEk1yyAgoxctP3z8g,78,"Horses Bathing at Sunrise Barbados Pebbles Beach Magic",https://www.youtube.com/watch?v=7dDfYMNk7Xc,7dDfYMNk7Xc,2025-04-27T13:42:41Z,00:23,"1,490","Witness the breathtaking beauty of horses bathing and swimming in the crystal-clear waters of Pebbles Beach, Barbados, at sunrise. A peaceful, unforgettable Caribbean moment where nature, ocean, and majestic horses come together. Don't miss this magical scene!


#Barbados #PebblesBeach #HorsesSwimming #SunriseMagic #CaribbeanVibes #BeachLife #NatureLovers #HorseLovers #TropicalParadise #OceanVibes #youtubeshorts",https://i.ytimg.com/vi/7dDfYMNk7Xc/hqdefault.jpg,available
"Magic Soul Travel",https://www.youtube.com/@magicsoultravel,UC4zkEzqEk1yyAgoxctP3z8g,79,"The Band of the Barbados Police Service | Live in Concert 🎶🇧🇧 part 3",https://www.youtube.com/watch?v=5IVnuYolwYk,5IVnuYolwYk,2025-04-27T12:33:04Z,02:01,119,"Experience a powerful performance by the Barbados Police Service Band, featuring a stunning vocal rendition of ""And I Am Telling You I'm Not Going."" 

Don't forget to like, comment, and subscribe for more amazing performances from the Barbados Police Service Band!

#BarbadosPoliceServiceBand #LivePerformance #AndIAmTellingYou #Concert #BarbadosMusic",https://i.ytimg.com/vi/5IVnuYolwYk/hqdefault.jpg,available
"Magic Soul Travel",https://www.youtube.com/@magicsoultravel,UC4zkEzqEk1yyAgoxctP3z8g,80,"Driving Through Barbados | Passing Rihanna’s Stunning Mansion",https://www.youtube.com/watch?v=qhQ4w936K9M,qhQ4w936K9M,2025-04-27T09:15:41Z,02:55,77,"Join me on a scenic drive through the beautiful island of Barbados as we cruise past the famous One Sandy Lane — home to global superstar Rihanna's luxurious mansion!
Experience the island's charm and see where the queen of pop relaxes when she's back home. Don't forget to like, comment, and subscribe for more Caribbean adventures!


#Barbados #Rihanna #OneSandyLane #BarbadosDrive #CaribbeanVibes #IslandLife #RihannaHouse #LuxuryHomes #BarbadosTour #TravelBarbados #BajanVibes #SandyLane #CaribbeanTravel",https://i.ytimg.com/vi/qhQ4w936K9M/hqdefault.jpg,available
"Magic Soul Travel",https://www.youtube.com/@magicsoultravel,UC4zkEzqEk1yyAgoxctP3z8g,81,"Martinique Carnival 2025 Ash Wednesday",https://www.youtube.com/watch?v=O9sT6v8rHLo,O9sT6v8rHLo,2025-04-26T17:00:34Z,09:40,765,"Join us for the unforgettable Carnival 2025 Ash Wednesday Walk! Experience the vibrant energy of multiple carnival groups as they fill the streets with the sounds of powerful drumming, singing, and colorful celebrations. Watch the traditional Vaval truck lead the way, marking the symbolic end of the Carnival season.
Don't miss this incredible cultural moment full of rhythm, emotion, and Caribbean spirit!

https://youtube.com/playlist?list=PLAPhUH0qxQvkum5Eb77eEkaiU7fVbXpi_&si=wBzHOkhK86gnunW4

Subscribe for more carnival highlights and behind-the-scenes action!

#Carnival2025 #AshWednesdayWalk #VavalTruck #CaribbeanCarnival #Drumming #CarnivalMusic #CarnivalCelebration #CarnivalCulture #CarnivalVibes #StreetParade #CarnivalDrums #CarnivalTradition #CarnivalEnergy",https://i.ytimg.com/vi/O9sT6v8rHLo/hqdefault.jpg,available
"Magic Soul Travel",https://www.youtube.com/@magicsoultravel,UC4zkEzqEk1yyAgoxctP3z8g,82,"🌅 Sunset Walk at Petite-Anse, Martinique | Beach Vibes, Kittens & Pier Jumps 🌊",https://www.youtube.com/watch?v=5dUPBzonQ4I,5dUPBzonQ4I,2025-04-18T16:15:00Z,02:05,74,"Join me on a peaceful sunset walk to the beautiful Petite-Anse beach in Martinique. As the golden hour lights up the sky with warm, glowing colors, we stroll along the shore, listen to the soothing sound of waves, and soak in the calm island vibes. Along the way, we meet two adorable kittens exploring the path and catch a glimpse of local boys fearlessly jumping into the sea from the pier. A perfect Caribbean evening full of simple, beautiful moments.

https://youtube.com/playlist?list=PLAPhUH0qxQvkum5Eb77eEkaiU7fVbXpi_&si=K_DtHnrxHHcGfoLU

https://youtu.be/x_U9OCQ1XT4?si=OMyaDre6xG0pf4FQ

https://youtu.be/DJiuLryDvH0?si=49YPwh-B3XmFspWV

Don’t forget to like, comment & subscribe for more island life content!

#Martinique #SunsetBeachWalk #PetiteAnse #CaribbeanVibes #BeachLife #TravelVlog",https://i.ytimg.com/vi/5dUPBzonQ4I/hqdefault.jpg,available
"Magic Soul Travel",https://www.youtube.com/@magicsoultravel,UC4zkEzqEk1yyAgoxctP3z8g,83,"Sunset Walk on the Richard Haynes Boardwalk | Peaceful Barbados Evening by the Sea",https://www.youtube.com/watch?v=GM7RRCewNyQ,GM7RRCewNyQ,2025-04-14T18:00:11Z,03:38,188,"Take a calming sunset walk with us along the beautiful Richard Haynes Boardwalk in Bridgetown, Barbados. The soft crash of waves, the golden glow of the sun behind us, and the relaxed island atmosphere make this the perfect escape. Whether you’re dreaming of a Caribbean getaway or just need a peaceful moment, this video brings you the warm, laid-back vibes of a Bajan evening by the sea.

Filmed in: Bridgetown, Barbados
Location: Richard Haynes Boardwalk
Time: Sunset / Golden Hour
Vibe: Relaxing, Scenic, Peaceful

Don’t forget to like, comment, and subscribe for more tranquil walks and island moments.


https://youtube.com/playlist?list=PLAPhUH0qxQvlVckLpjA31e4oks1NlVjUL&si=oWc_ZKZsr-fNm3s4

#Barbados #SunsetWalk #RichardHaynesBoardwalk #Bridgetown #CaribbeanVibes #IslandLife #RelaxingWalk #WalkingVideo #VirtualTravel #PeacefulVibes #BeachWalk #GoldenHour #TravelBarbados #ASMRWalk #OceanSounds",https://i.ytimg.com/vi/GM7RRCewNyQ/hqdefault.jpg,available
"Magic Soul Travel",https://www.youtube.com/@magicsoultravel,UC4zkEzqEk1yyAgoxctP3z8g,84,"Barbados Police Band Concert Surprise!",https://www.youtube.com/watch?v=jZ8pgZXw6Vo,jZ8pgZXw6Vo,2025-04-12T21:40:03Z,00:37,"1,310","The Barbados Police Service Band lit up the stage—but no one expected that voice! A mystery singer stole the show. Please let me know who was it!

#Barbados #PoliceBand #LiveConcert #MysterySinger #CaribbeanMusic #SurprisePerformance #BarbadosMusic #BajanCulture #Shorts #YouTubeShorts #ViralMoment",https://i.ytimg.com/vi/jZ8pgZXw6Vo/hqdefault.jpg,available
"Magic Soul Travel",https://www.youtube.com/@magicsoultravel,UC4zkEzqEk1yyAgoxctP3z8g,85,"A Sunday in Barbados: A Walk down Bridgetown Streets to Gospel Brunch at Savvy on the Bay",https://www.youtube.com/watch?v=8jGkY4t0ftg,8jGkY4t0ftg,2025-04-12T19:40:00Z,04:24,122,"Took a casual walk through Bridgetown, Barbados… and accidentally ended up at a beachside Gospel Brunch concert at Savvy on the Bay!
The music, the energy, the ocean breeze — total Sunday bliss.

https://youtube.com/playlist?list=PLAPhUH0qxQvlVckLpjA31e4oks1NlVjUL&si=8QeuQJ0CusxHWORa

#BarbadosVibes #GospelBrunch #IslandLife #BridgetownBarbados #TravelDiscoveries",https://i.ytimg.com/vi/8jGkY4t0ftg/hqdefault.jpg,available
"Magic Soul Travel",https://www.youtube.com/@magicsoultravel,UC4zkEzqEk1yyAgoxctP3z8g,86,"Carnival Vibes in Fort-de-France | Ash Wednesday | Martinique 2025",https://www.youtube.com/watch?v=DJiuLryDvH0,DJiuLryDvH0,2025-04-12T08:30:12Z,05:38,497,"Take a vibrant walk through the streets of Fort-de-France, Martinique, on the final day of the island’s iconic Carnival! Just before the big parade kicks off, feel the electric atmosphere, see the colorful costumes, hear the drums in the distance, and get an authentic taste of local culture. This is Carnival in Martinique like you've never seen it — raw, real, and full of Caribbean spirit.
Don’t forget to like, comment, and subscribe for more immersive travel vibes from the heart of the French Caribbean!



https://youtube.com/playlist?list=PLAPhUH0qxQvkum5Eb77eEkaiU7fVbXpi_&si=eV7Yn4pK562ACrOj


#CarnivalMartinique #FortDeFrance #MartiniqueCarnival2025 #CaribbeanCarnival #TravelVlog #CarnivalVibes #StreetWalk #CarnavalDeMartinique #FrenchCaribbean #IslandLife #CarnivalCultur",https://i.ytimg.com/vi/DJiuLryDvH0/hqdefault.jpg,available
"Magic Soul Travel",https://www.youtube.com/@magicsoultravel,UC4zkEzqEk1yyAgoxctP3z8g,87,"Peaceful walk to the beach | Le Diamant, Martinique",https://www.youtube.com/watch?v=x_U9OCQ1XT4,x_U9OCQ1XT4,2025-04-09T21:00:06Z,06:38,467,"Join me on a tranquil walk to the stunning beach in Le Diamant, Martinique. Experience the natural beauty of this Caribbean paradise—from lush tropical paths to the iconic view of Diamond Rock. Whether you're dreaming of your next vacation or just need a moment of peace, this video is your escape.

Filmed in: Le Diamant, Martinique
Vibe: Relaxing, scenic, tropical
Perfect for: Virtual travelers, beach lovers, ASMR walkers, and anyone needing a dose of calm.

Martinique Carnival 2025:
https://www.youtube.com/playlist?list=PLAPhUH0qxQvkum5Eb77eEkaiU7fVbXpi_

https://youtu.be/5dUPBzonQ4I?si=vN0gTJnZwAzf2GJ3

Hashtags:
#LeDiamant #Martinique #BeachWalk #CaribbeanVibes #TravelVlog #DiamondRock #VirtualVacation #NatureWalk #RelaxingVideos #TropicalEscape",https://i.ytimg.com/vi/x_U9OCQ1XT4/hqdefault.jpg,available
"Magic Soul Travel",https://www.youtube.com/@magicsoultravel,UC4zkEzqEk1yyAgoxctP3z8g,88,"Sunset Plane Landing Over Oistins Beach  Barbados",https://www.youtube.com/watch?v=y5StjGbaw3s,y5StjGbaw3s,2025-04-08T20:08:39Z,00:13,"1,425","Witness a breathtaking Caribbean sunset at Oistins Beach in Barbados as a plane gracefully descends over the ocean, heading for Grantley Adams International Airport. Pure island magic!

Hashtags:
#Barbados #SunsetLanding #OistinsBeach #CaribbeanVibes #BeachPlaneSpotting #TravelShorts #youtubeshorts #viralvideo",https://i.ytimg.com/vi/y5StjGbaw3s/hqdefault.jpg,available
"Magic Soul Travel",https://www.youtube.com/@magicsoultravel,UC4zkEzqEk1yyAgoxctP3z8g,89,"Ferry Ride: Castries, Saint Lucia to Fort-de-France, Martinique | Express des Iles",https://www.youtube.com/watch?v=Pye7JiS5iwc,Pye7JiS5iwc,2025-04-07T19:57:15Z,12:07,"1,389","Join us on a beautiful ferry journey across the Caribbean Sea as we depart from the vibrant Castries in Saint Lucia and head to the stunning Fort-de-France in Martinique. Experience the breathtaking views, clear blue waters, and the tranquility of this scenic ride. Whether you're planning a trip or just want to enjoy the sights from the comfort of your screen, this ferry express ride is sure to captivate you!

https://youtube.com/playlist?list=PLAPhUH0qxQvkum5Eb77eEkaiU7fVbXpi_&si=L-1sGE9jknp9h5Pb


#FerryRide #SaintLucia #FortDeFrance #Martinique #Castries #CaribbeanTravel #TravelVlog #IslandHopping #SaintLuciaToMartinique #CaribbeanFerry #TravelGuide #ExploreCaribbean #ScenicViews #IslandAdventure #FerryJourney",https://i.ytimg.com/vi/Pye7JiS5iwc/hqdefault.jpg,available
"Magic Soul Travel",https://www.youtube.com/@magicsoultravel,UC4zkEzqEk1yyAgoxctP3z8g,90,"Horses Bathe at Sunrise | Peaceful Morning | Pebbles Beach Barbados",https://www.youtube.com/watch?v=_OcU4imD9VQ,_OcU4imD9VQ,2025-04-06T16:07:42Z,00:17,"1,486","As the first light of dawn kisses the Caribbean Sea, a group of horses wade into the gentle waves for their morning sea bath. Set on Pebbles Beach in Barbados, this breathtaking moment is a tribute to nature, freedom, and the tranquil rhythm of island life.
Experience the magic—one sunrise, many hearts.

#Hashtags:
#Barbados #HorsesAtSunrise #SeaBathing #CaribbeanMagic #BeachVibes #IslandLife #NatureLovers #HorseTherapy #TropicalMorning #YouTubeShorts #PeacefulScenes #EquineBeauty",https://i.ytimg.com/vi/_OcU4imD9VQ/hqdefault.jpg,available
"Magic Soul Travel",https://www.youtube.com/@magicsoultravel,UC4zkEzqEk1yyAgoxctP3z8g,91,"Party Truck Vibes at Martinique Carnival | Ambiance de Ouf sur le Char!",https://www.youtube.com/watch?v=lF_oIKDVGec,lF_oIKDVGec,2025-04-05T08:00:06Z,02:33,357,"Get ready to feel the vibes of Martinique Carnival! This video captures the high-energy moment when one of the wildest party trucks rolls through the streets, blasting music, dancing crowds all around, and pure Caribbean joy in the air. Don’t miss the colors, the rhythm, and the spirit of Carnival in this unforgettable scene!

Préparez-vous à ressentir l'ambiance du Carnaval de la Martinique ! Cette vidéo vous plonge dans un moment fort : le passage d’un truck festif débordant d’énergie, avec de la musique à fond, des danseurs partout, et une atmosphère de pure joie caribéenne. Ne ratez pas les couleurs, le rythme et l’esprit du carnaval dans cette scène inoubliable !

https://youtube.com/playlist?list=PLAPhUH0qxQvkum5Eb77eEkaiU7fVbXpi_&si=L-1sGE9jknp9h5Pb

#MartiniqueCarnival #CarnavalMartinique #CaribbeanVibes #PartyTruck #Carnival2025 #CarnivalEnergy #TruckEnFête #MartiniqueVibes #CarnavalDesAntilles #CaribbeanCarnival #StreetParty #CarnavalColoré #MusicAndDance #IslandVibes #CarnivalExperience",https://i.ytimg.com/vi/lF_oIKDVGec/hqdefault.jpg,available
"Magic Soul Travel",https://www.youtube.com/@magicsoultravel,UC4zkEzqEk1yyAgoxctP3z8g,92,"Barbados Bliss: Empty Beach & Gentle Waves",https://www.youtube.com/watch?v=YCnCffU2RNI,YCnCffU2RNI,2025-04-05T06:48:31Z,00:16,"1,412","Escape to the tranquil shores of Barbados, where the waves gently kiss the sand and not a soul is in sight. This beach offers the perfect moment of peace and natural beauty. Whether you're dreaming of a tropical vacation or just need a quick mental escape, let the sounds and sights of the Caribbean calm your mind.

#Barbados #BeachVibes #CaribbeanEscape #TropicalParadise #OceanWaves #EmptyBeach #RelaxingShorts #BeachShorts #TravelShorts #NatureSounds #BeachLife #HiddenGems #IslandVibes #BarbadosBeach #Shorts #YouTubeShorts #Trending #Viral",https://i.ytimg.com/vi/YCnCffU2RNI/hqdefault.jpg,available
"Magic Soul Travel",https://www.youtube.com/@magicsoultravel,UC4zkEzqEk1yyAgoxctP3z8g,93,"Carnaval Martinique 2025: Mercredi des Cendres Vibes!",https://www.youtube.com/watch?v=pMk10nXP_Ng,pMk10nXP_Ng,2025-04-04T13:21:08Z,00:45,955,"Experience the powerful finale of Martinique Carnival – Mercredi des Cendres! Watch as the streets turn black and white in a symbolic celebration marking the end of the carnival season.

#MartiniqueCarnival #MercrediDesCendres #Carnaval2025 #AshWednesday #MartiniqueVibes #CaribbeanCarnival #CarnivalCulture #BlackAndWhiteParade #Vaval #CarnivalFinale #CarnavalDeMartinique #Shorts #CarnivalTradition",https://i.ytimg.com/vi/pMk10nXP_Ng/hqdefault.jpg,available
"Magic Soul Travel",https://www.youtube.com/@magicsoultravel,UC4zkEzqEk1yyAgoxctP3z8g,94,"Mardi Gras! Danseuses sur camion au son de Zioum 🎭🔥 | Mardi Gras Dancers on a Truck dancing to Zioum",https://www.youtube.com/watch?v=dqiUmR3VJHE,dqiUmR3VJHE,2025-04-03T17:43:16Z,00:43,474,"Ambiance de folie pour ce Mardi Gras en Martinique ! 🎭💃 Les danseurs électrisent la foule en bougeant sur Zioum de Jean-Philippe Marthély, perchés sur un camion-plateforme en pleine parade ! 🇲🇶🔥

Insane vibes this Mardi Gras in Martinique! 🎭💃 Dancers light up the crowd, grooving to Zioum by Jean-Philippe Marthély on a platform truck rolling through the parade! 🇲🇶🔥


#MardiGras #CarnavalMartinique #Zioum #JeanPhilippeMarthely #DanseCarnaval #AmbianceCréole #Zouk #FêteAntillaise #TruckParty #CarnivalVibes #CaribbeanDance #MartiniqueVibes #Carnaval2025 #MardiGrasMadness #CreoleMusic #FêteTropicale #Shorts #YouTubeShorts #Trending #Viral",https://i.ytimg.com/vi/dqiUmR3VJHE/hqdefault.jpg,available
"Magic Soul Travel",https://www.youtube.com/@magicsoultravel,UC4zkEzqEk1yyAgoxctP3z8g,95,"🔥Incinération du roi Vaval- Mercredi des Cendres, Carnaval de Martinique  🔥 Burning of Vaval  🔥",https://www.youtube.com/watch?v=jzPr9cbSxRY,jzPr9cbSxRY,2025-04-03T17:00:06Z,19:58,352,"Revivez l'un des moments les plus emblématiques du Carnaval de Martinique : la crémation de Vaval ! Chaque année, le Mercredi des Cendres marque la fin des festivités avec la mise à feu du roi du carnaval. Entre chants, danses et émotions, cette tradition symbolise la clôture du carnaval dans une ambiance unique.

📍 Lieu : Martinique
🎭 Événement : Carnaval - Mercredi des Cendres
🔥 Tradition : Incinération de Vaval

Abonnez-vous pour plus de vidéos du Carnaval de Martinique et laissez un commentaire pour partager votre expérience !

https://youtube.com/playlist?list=PLAPhUH0qxQvkum5Eb77eEkaiU7fVbXpi_&si=roo2nvnRRNSy4bC3

Experience one of the most iconic moments of the Martinique Carnival: the burning of Vaval! Every year, Ash Wednesday marks the end
 of the festivities with the symbolic cremation of the carnival king. With music, dancing, and emotion, this tradition brings the carnival to a spectacular close.

📍 Location: Martinique
🎭 Event: Carnival - Ash Wednesday
🔥 Tradition: Burning of Vaval

Subscribe for more videos from Martinique Carnival and share your thoughts in the comments!

#CarnavalMartinique #MercrediDesCendres #Vaval #Carnaval2025 #Martinique #Fête #Tradition #Antilles #Caraïbes #CultureCréole #FeuDeVaval #CarnavalMartinique #MercrediDesCendres #Vaval #Carnaval2025 #Martinique #Fête #Tradition #Antilles #Caraïbes #CultureCréole #FeuDeVaval",https://i.ytimg.com/vi/jzPr9cbSxRY/hqdefault.jpg,available
"Magic Soul Travel",https://www.youtube.com/@magicsoultravel,UC4zkEzqEk1yyAgoxctP3z8g,96,"Martinique Carnival 2025 | Mercredi des Cendres 🎭 🔥",https://www.youtube.com/watch?v=HVxTIiSkKNU,HVxTIiSkKNU,2025-04-02T21:30:10Z,00:48,"1,916","Experience the grand finale of Carnaval de Martinique 2025! 🎶💃🏾 From the pulsating rhythms of Tambour & Chouval Bwa to the emotional farewell of Vaval, witness the powerful Black & White procession that marks the end of the celebrations. 🖤⚪

💀 Mercredi des Cendres is not just an end—it's a moment of transformation, where revelers dressed in black and white mourn the ""death"" of the carnival king before he is set ablaze in a fiery spectacle. 🔥🔥

🎥 Don’t miss the energy, the emotions, and the traditions that make Martinique’s carnival one of the most unique in the world!

✨ Like, Comment & Subscribe for more Caribbean vibes! 🌴🎭

#CarnavalMartinique #MercrediDesCendres #Vaval2025 #CaribbeanCulture #BlackAndWhiteDay #MartiniqueCarnival  #Shorts #Shorts #YouTubeShorts #Trending #Viral


Vivez le grand final du Carnaval de Martinique 2025 ! 🎶💃🏾 Des rythmes envoûtants du Tambour & Chouval Bwa aux adieux poignants à Vaval, plongez dans la puissante procession en noir et blanc qui clôture les festivités. 🖤⚪

💀 Le Mercredi des Cendres n'est pas seulement une fin—c'est un moment de transformation où les carnavaliers, vêtus de noir et blanc, pleurent la ""mort"" du roi du carnaval avant qu'il ne soit embrasé dans un spectacle de feu. 🔥🔥

🎥 Ne manquez pas l’énergie, l’émotion et les traditions qui font du carnaval martiniquais l’un des plus uniques au monde !

✨ Aimez, commentez & abonnez-vous pour plus de vibes caribéennes ! 🌴🎭

#CarnavalMartinique #MercrediDesCendres #Vaval2025 #CultureCaribéenne #NoiretBlanc #MartiniqueCarnival #Shorts",https://i.ytimg.com/vi/HVxTIiSkKNU/hqdefault.jpg,available
"Magic Soul Travel",https://www.youtube.com/@magicsoultravel,UC4zkEzqEk1yyAgoxctP3z8g,97,"Takeoff from London Heathrow to Warsaw | British Airways | Stunning Views!",https://www.youtube.com/watch?v=7faE57kf5lI,7faE57kf5lI,2025-04-02T10:56:01Z,06:36,113,"Join us for an incredible takeoff from London Heathrow Airport (LHR) onboard a British Airways flight to Warsaw Chopin Airport (WAW). Watch as we soar into the skies above London, capturing breathtaking views of the city and the English countryside.

✈ Flight Details:

Airline: British Airways

Route: London Heathrow (LHR) → Warsaw Chopin (WAW)

Seat:  window view

https://youtube.com/playlist?list=PLAPhUH0qxQvkum5Eb77eEkaiU7fVbXpi_&si=-Tb_O11WHNxvUFRq

Enjoy the sights and sounds of this smooth departure, and don’t forget to like, comment, and subscribe for more aviation content!

#Heathrow #BritishAirways #Takeoff #Aviation #Warsaw #FlightExperience",https://i.ytimg.com/vi/7faE57kf5lI/hqdefault.jpg,available
"Magic Soul Travel",https://www.youtube.com/@magicsoultravel,UC4zkEzqEk1yyAgoxctP3z8g,98,"Sunset Flight from Martinique to Trinidad | Caribbean Airlines ATR 72-600",https://www.youtube.com/watch?v=bCx-yM7n3hM,bCx-yM7n3hM,2025-03-30T09:00:06Z,09:25,159,"Experience a stunning sunset flight from Fort-de-France, Martinique (FDF) to Port of Spain, Trinidad (POS) aboard Caribbean Airlines' ATR 72-600. Watch as we take off over the beautiful island of Martinique, soar above the Caribbean Sea, and arrive in Trinidad just as the sky glows with vibrant evening colors. A breathtaking journey you won’t want to miss!

✈️ Airline: Caribbean Airlines
✈️ Aircraft: ATR 72-600
📍 Route: FDF ➝ POS
🌅 Stunning sunset views over the Caribbean

https://youtube.com/playlist?list=PLAPhUH0qxQvkum5Eb77eEkaiU7fVbXpi_&si=roo2nvnRRNSy4bC3

Don’t forget to like, comment, and subscribe for more amazing travel videos! #CaribbeanAirlines #SunsetFlight #AviationLovers #MartiniqueToTrinidad",https://i.ytimg.com/vi/bCx-yM7n3hM/hqdefault.jpg,available
"Magic Soul Travel",https://www.youtube.com/@magicsoultravel,UC4zkEzqEk1yyAgoxctP3z8g,99,"Ferry Ride from St. Lucia to Martinique | Express des Îles Departure",https://www.youtube.com/watch?v=Ljr-uh8dGUc,Ljr-uh8dGUc,2025-03-30T08:31:43Z,00:18,"1,985","Join us on a breathtaking journey as we depart from Castries, St. Lucia, aboard the Express des Îles ferry, bound for Fort-de-France, Martinique! Watch as we set sail across the stunning Caribbean waters, capturing the beauty of the islands along the way. Don't miss this scenic voyage! ⛴️✨ #CaribbeanTravel #ExpressDesIles #StLuciaToMartinique #Shorts #YouTubeShorts #Trending #Viral",https://i.ytimg.com/vi/Ljr-uh8dGUc/hqdefault.jpg,available
"Magic Soul Travel",https://www.youtube.com/@magicsoultravel,UC4zkEzqEk1yyAgoxctP3z8g,100,"The Band of the Barbados Police Service | Live in Concert 🎶🇧🇧 part 1",https://www.youtube.com/watch?v=w2EKkBmjORc,w2EKkBmjORc,2025-03-29T10:01:09Z,08:36,106,"Experience the incredible talent and musical excellence of The Band of the Barbados Police Service in this electrifying concert! From traditional military marches to vibrant Caribbean rhythms, this performance showcases the versatility and skill of one of the region’s most respected police bands.

Enjoy a captivating blend of calypso, reggae, jazz, classical, and pop, all performed with precision and passion. Whether you're a fan of live music, cultural performances, or just looking for an uplifting experience, this concert is not to be missed!

🎺 Don’t forget to like, share, and subscribe to stay updated on future performances. Let us know your favorite part in the comments below!

#BarbadosPoliceBand #LiveConcert #CaribbeanMusic #PoliceServiceBand #Barbados",https://i.ytimg.com/vi/w2EKkBmjORc/hqdefault.jpg,available
"Magic Soul Travel",https://www.youtube.com/@magicsoultravel,UC4zkEzqEk1yyAgoxctP3z8g,101,"The Band of the Barbados Police Service | Live in Concert 🎶🇧🇧 part 2",https://www.youtube.com/watch?v=dhMkd97mEhA,dhMkd97mEhA,2025-03-29T10:00:46Z,05:33,125,"Experience the incredible talent and musical excellence of The Band of the Barbados Police Service in this electrifying concert! From traditional military marches to vibrant Caribbean rhythms, this performance showcases the versatility and skill of one of the region’s most respected police bands.

Enjoy a captivating blend of calypso, reggae, jazz, classical, and pop, all performed with precision and passion. Whether you're a fan of live music, cultural performances, or just looking for an uplifting experience, this concert is not to be missed!

🎺 Don’t forget to like, share, and subscribe to stay updated on future performances. Let us know your favorite part in the comments below!

#BarbadosPoliceBand #LiveConcert #CaribbeanMusic #PoliceServiceBand #Barbados",https://i.ytimg.com/vi/dhMkd97mEhA/hqdefault.jpg,available
"Magic Soul Travel",https://www.youtube.com/@magicsoultravel,UC4zkEzqEk1yyAgoxctP3z8g,102,"Tropical Rain in St. Lucia | Castries Harbor 🌧️",https://www.youtube.com/watch?v=GMU4OQtgY7Y,GMU4OQtgY7Y,2025-03-27T21:01:21Z,01:04,154,"Enjoy the calming sound of tropical rain with a beautiful view of Castries Harbor in St. Lucia. Perfect for a quick escape to paradise!

#StLucia #TropicalRain #CastriesHarbor #CaribbeanVibes #RainyDay #Shorts #YouTubeShorts #Trending #Viral",https://i.ytimg.com/vi/GMU4OQtgY7Y/hqdefault.jpg,available
"Magic Soul Travel",https://www.youtube.com/@magicsoultravel,UC4zkEzqEk1yyAgoxctP3z8g,103,"🌅✈️ Sunset Takeoff from Barbados to London | Aerial Views | Flight from BGI to LHR March 2025",https://www.youtube.com/watch?v=dcXMjT1XP5k,dcXMjT1XP5k,2025-03-26T17:00:50Z,20:50,575,"Join me on this breathtaking sunset departure from Bridgetown, Barbados (BGI) as we soar into the skies, heading towards London Heathrow (LHR)! Watch as the golden Caribbean sun fades below the horizon, painting the sky with stunning colors. 🌅✨

🔹 Airline: British Airways
🔹 Aircraft: Boeing 787 Dreamliner
🔹 Route: BGI ✈️ LHR
🔹 Departure Time: 17:40

https://youtube.com/playlist?list=PLAPhUH0qxQvkum5Eb77eEkaiU7fVbXpi_&si=-Tb_O11WHNxvUFRq

Sit back, relax, and enjoy the beautiful views of Barbados as we take off into the evening sky. Don't forget to LIKE, COMMENT & SUBSCRIBE for more aviation content! 🚀🛫",https://i.ytimg.com/vi/dcXMjT1XP5k/hqdefault.jpg,available
"Magic Soul Travel",https://www.youtube.com/@magicsoultravel,UC4zkEzqEk1yyAgoxctP3z8g,104,"Mardi Gras Carnival in Martinique 2025: A Colorful Celebration of Culture & Joy! ep. 5",https://www.youtube.com/watch?v=Q_TB9zGM5XE,Q_TB9zGM5XE,2025-03-25T18:32:06Z,03:01,603,"Experience the electrifying energy of Carnival in Martinique! 🎉🌴 From vibrant parades and dazzling costumes to infectious drum beats and nonstop dancing, this Caribbean festival is a true explosion of culture, music, and tradition. Watch as the streets come alive with revelers, breathtaking masquerades, and the unique spirit of ""Vaval."" 🇲🇶✨

https://youtube.com/playlist?list=PLAPhUH0qxQvkum5Eb77eEkaiU7fVbXpi_&si=-Tb_O11WHNxvUFRq",https://i.ytimg.com/vi/Q_TB9zGM5XE/hqdefault.jpg,available
"Magic Soul Travel",https://www.youtube.com/@magicsoultravel,UC4zkEzqEk1yyAgoxctP3z8g,105,"Mardi Gras Carnival in Martinique 2025: A Colorful Celebration of Culture & Joy! ep. 3",https://www.youtube.com/watch?v=Eos53eVXRAM,Eos53eVXRAM,2025-03-24T19:16:22Z,10:49,"1,307","Experience the electrifying energy of Carnival in Martinique! 🎉🌴 From vibrant parades and dazzling costumes to infectious drum beats and nonstop dancing, this Caribbean festival is a true explosion of culture, music, and tradition. Watch as the streets come alive with revelers, breathtaking masquerades, and the unique spirit of ""Vaval."" 🇲🇶✨",https://i.ytimg.com/vi/Eos53eVXRAM/hqdefault.jpg,available
"Magic Soul Travel",https://www.youtube.com/@magicsoultravel,UC4zkEzqEk1yyAgoxctP3z8g,106,"Mardi Gras Carnival in Martinique 2025: A Colorful Celebration of Culture & Joy! ep. 1",https://www.youtube.com/watch?v=-62Pf8MJJeg,'-62Pf8MJJeg,2025-03-24T18:20:53Z,02:18,494,"Experience the electrifying energy of Carnival in Martinique! 🎉🌴 From vibrant parades and dazzling costumes to infectious drum beats and nonstop dancing, this Caribbean festival is a true explosion of culture, music, and tradition. Watch as the streets come alive with revelers, breathtaking masquerades, and the unique spirit of ""Vaval."" 🇲🇶✨

Join us as we dive into the heart of the celebration, capturing unforgettable moments from this spectacular event! Don’t forget to like, comment, and subscribe for more travel adventures! 🌎🎥

https://youtube.com/playlist?list=PLAPhUH0qxQvkum5Eb77eEkaiU7fVbXpi_&si=-Tb_O11WHNxvUFRq

#MartiniqueCarnival #CaribbeanVibes #Carnaval2025 #TravelVlog #IslandLife #CultureFest #Wanderlust",https://i.ytimg.com/vi/-62Pf8MJJeg/hqdefault.jpg,available
"Magic Soul Travel",https://www.youtube.com/@magicsoultravel,UC4zkEzqEk1yyAgoxctP3z8g,107,"Mardi Gras Carnival in Martinique 2025: A Colorful Celebration of Culture & Joy! ep. 2",https://www.youtube.com/watch?v=hpT-Raf7fts,hpT-Raf7fts,2025-03-24T18:20:51Z,08:42,318,"Experience the electrifying energy of Carnival in Martinique! 🎉🌴 From vibrant parades and dazzling costumes to infectious drum beats and nonstop dancing, this Caribbean festival is a true explosion of culture, music, and tradition. Watch as the streets come alive with revelers, breathtaking masquerades, and the unique spirit of ""Vaval."" 🇲🇶✨

Join us as we dive into the heart of the celebration, capturing unforgettable moments from this spectacular event! Don’t forget to like, comment, and subscribe for more travel adventures! 🌎🎥

https://youtube.com/playlist?list=PLAPhUH0qxQvkum5Eb77eEkaiU7fVbXpi_&si=-Tb_O11WHNxvUFRq

#MartiniqueCarnival #CaribbeanVibes #Carnaval2025 #TravelVlog #IslandLife #CultureFest #Wanderlust",https://i.ytimg.com/vi/hpT-Raf7fts/hqdefault.jpg,available
"Magic Soul Travel",https://www.youtube.com/@magicsoultravel,UC4zkEzqEk1yyAgoxctP3z8g,108,"Mardi Gras Carnival in Martinique 2025: A Colorful Celebration of Culture & Joy! ep. 4",https://www.youtube.com/watch?v=Qj1Mxkg8b7Q,Qj1Mxkg8b7Q,2025-03-24T18:20:36Z,04:12,757,"Experience the electrifying energy of Carnival in Martinique! 🎉🌴 From vibrant parades and dazzling costumes to infectious drum beats and nonstop dancing, this Caribbean festival is a true explosion of culture, music, and tradition. Watch as the streets come alive with revelers, breathtaking masquerades, and the unique spirit of ""Vaval."" 🇲🇶✨

Join us as we dive into the heart of the celebration, capturing unforgettable moments from this spectacular event! Don’t forget to like, comment, and subscribe for more travel adventures! 🌎🎥


https://youtube.com/playlist?list=PLAPhUH0qxQvkum5Eb77eEkaiU7fVbXpi_&si=-Tb_O11WHNxvUFRq


#MartiniqueCarnival #CaribbeanVibes #Carnaval2025 #TravelVlog #IslandLife #CultureFest #Wanderlust",https://i.ytimg.com/vi/Qj1Mxkg8b7Q/hqdefault.jpg,available
